_id,urn,list_items[0],list_items[1],list_items[2],list_items[3],list_items[4],list_items[5],list_items[6],list_items[7],list_items[8],list_items[9],list_items[10],list_items[11],list_items[12],list_items[13],list_items[14],list_items[15],list_items[16],list_items[17],list_items[18],list_items[19],list_items[20],list_items[21],list_items[22],list_items[23],list_items[24],list_items[25],list_items[26],list_items[27],list_items[28],list_items[29],list_items[30],list_items[31],list_items[32],list_items[33],list_items[34],list_items[35],list_items[36],list_items[37],list_items[38],list_items[39],list_items[40],list_items[41],list_items[42],list_items[43],list_items[44],list_items[45],list_items[46],list_items[47],list_items[48],list_items[49],list_items[50],list_items[51],list_items[52],list_items[53],list_items[54],list_items[55]
66c5cd37e23ab826559343d5,ACoAADRJiWABXgVKNTS73HxEJAw8mDS2uX-YvSQ,NestJS,Aptitudes para la coordinación,Gestión de proyectos,JavaScript,React.js,Node.js,Scrum,Metodologías ágiles,HTML5,Css,Lenguaje SASS,Bootstrap,PHP,MySQL,PhpMyAdmin,Laravel,MongoDB,Mongoose,Redux.js,Docker,GitHub,Git,Jest,Webpack,Framer,formik,Firebase,jQuery,Español,Inglés,Italiano,Catalán,Diseño de experiencia de usuario (UX),Diseño web adaptable,Desarrollo front end,SQL,Microsoft Visual Studio Code,Npm (Software),Modelo-Vista-Controlador (MVC),Programación orientada a objetos (POO),JSON,Desarrollo Full Stack,Express.js,Desarrollo web back end,API de Postman,Interfaz de programación de aplicaciones (API),Pruebas API,,,,,,,,,
66c5cd37e23ab826559343d6,ACoAACEkfUYB3Z6gbkKPokpugJpX87HdkXCWjBE,Figma,styled-components,MUI,React.js,Node.js,JavaScript,TypeScript,Lenguaje SASS,Bootstrap,Express.js,MongoDB,Mongoose,Redux.js,Firebase,Jest,cypress,Toma de decisiones,Git,Webpack,GitHub,Next.js,HTML5,Cypress.io,,,,,,,,,,,,,,,,,,,,,,,,,,,,,,,,,
66c5cd37e23ab826559343d7,ACoAAB-O41EBA3C3Re69urhfhKE8yiNwfxUdWu4,Análisis estadístico,Pensamiento crítico,"Extraer, transformar y cargar (ETL)",Inglés,JIRA,NoSQL,Capacidad de análisis,Visualización de datos,Visualización,Analítica de datos,Analítica,Streamlit,Bases de datos,Git,Batch,Procesamiento por lotes,Batch process,Scikit-learn,Aprendizaje automático,Web scraping,Desarrollo de API,GitHub,MongoDB,Análisis de datos,Tableau,Seaborn,Matplotlib,NumPy,Pandas (Software),Oracle Database,Adobe Photoshop,Python,SQL,Matlab,SolidWorks,Microsoft Word,Microsoft Excel,CYPE,Maple,Ingeniería mecánica,Oracle SQL Developer,SQL Server Management Studio,,,,,,,,,,,,,,
66c5cd37e23ab826559343d8,ACoAAAtZwGUBiRBcnJm0X8Eo7oehtd6wOeb_lwc,Teste de unidade,SOLID Design Principles,Test-Driven Development,Scrum,TypeScript,Redux.js,SASS,React.js,Desenvolvimento full stack,Desenvolvimento de back-end,Desenvolvimento de front-end,Pharmaceutical Industry,Creative Writing,Photography,Pesquisa e desenvolvimento,Desenvolvimento web,Desenvolvimento de software,Desenvolvimento de programas,React,MongoDB,Node.js,Microsoft PowerPoint,Microsoft Office,Microsoft Word,Microsoft Excel,JavaScript,HTML5,CSS,Bootstrap,ES6,Git,GitHub,javascript,HTML,Liderança,Leadership,Negociação,Team Worker,Problem-solving,Communication,Gestão de tempo,Serviços de atendimento ao público,Liderança de equipe,Inglês,Espanhol,Adaptability,Creativity,Dedication to work,Quick Learner,Express.js,,,,,,
66c5cd37e23ab826559343d9,ACoAADlyp3sBr9RR3i_woFZOqypJqhWIZdtXfdg,Eclipse,IntelliJ IDEA,Microsoft Visual Studio Code,Metodologías ágiles,TypeScript,Angular,Oracle Database,Oracle SQL Developer,SonarQube,Sourcetree,jQuery,Spring MVC,JavaScript,SQL,Maven,Hibernate,PostgreSQL,Adobe Photoshop,Trabajo en equipo,JIRA,HTML,API de Postman,GitHub,Git,Patrones de arquitectura de software,Thymeleaf,JUnit,MongoDB,Workbench,MySQL,Spring Security,Spring Boot,Spring Framework,Java,Inglés,,,,,,,,,,,,,,,,,,,,,
66c5cd37e23ab826559343da,ACoAACTn8nABQYRg9JJ6Dh5bwgQUbjmehppmwB8,Sales Prospecting,Sales Pipeline Management,Outbound Sales,Sales Development,Management Consulting,Project Management,Strategic Communications,Business Development,HR Strategy,Sales,Negotiation,Technical Recruiting,HR Consulting,Information Technology,Business Strategy,Team Management,Human Resources (HR),English,Recruiting,,,,,,,,,,,,,,,,,,,,,,,,,,,,,,,,,,,,,
66c5cd37e23ab826559343db,ACoAAAGsgi8BXhpBzD_IMLsoNzq0ZI4YmbjVIA0,Debugging,Teamwork,Mocha (JavaScript Framework),Responsive Web Design,Lodash.js,Front-End Development,Test-Driven Development,Testing,TypeScript,Next.js,Solar PV,Design,Equipment Installation,Electrical Wiring,C++,Cybersecurity,Python (Programming Language),Internet Protocol Suite (TCP/IP),Java,https://github.com/IgorLuzarraga?tab=repositories,Web Applications,Web Application Development,Semantic HTML,Jest,SQL,Git,C (Programming Language),Representational State Transfer (REST),Cascading Style Sheets (CSS),Redux.js,Node.js,HTML,ESLint,English,MongoDB,JavaScript,React.js,Express.js,Mongoose ODM,Material-UI,,,,,,,,,,,,,,,,
66c5cd37e23ab826559343dc,ACoAAAgDtyYB309hw4SKCgsxFs9R1tQ1HBiGobU,Web Applications,Back-End Web Development,Web Application Development,English,Software Development,Postman API,REST APIs,Bash,Netlify,Heroku,Ant Design,Material-UI,Bootstrap (Framework),npm,Cascading Style Sheets (CSS),Agile Development,Full-Stack Development,Express.js,Mongoose,GitHub,Agile Methodologies,Responsive Web Design,Computer Science,Oral Communication,Problem Solving,Object-Oriented Programming (OOP),Databases,Communication,Front-End Development,HTML5,Git,Linux,Teamwork,Objective Focused,Diversity & Inclusion,Committed,CSS,HTML,JavaScript,Node.js,MongoDB,React.js,Web Development,Web Design,Sales Management,Marketing,E-Commerce,Negotiation,Strategic Sourcing,Sales,,,,,,
66c5cd37e23ab826559343dd,ACoAAAGCQOABC-s0RsZsPbPtw06eugyXwVmPmcI,System Architecture,Cloud Computing,Problem Solving,Communication,Soft Skills,Leadership,Event Planning,Curating,Short Films,People Management,Technical Support,Agile Methodologies,Kubernetes,Technical Leadership,Strategic Planning,Angular,Express.js,Project Management,Team Leadership,Engineering Management,Web Development,Scrum,Front-end Development,User Experience,Front-end,Mobile Applications,Online Marketing,Digital Marketing,Game Development,JavaScript,React.js,Node.js,Redux,MongoDB,HTML 5,CSS,Linux,CSS3,React Native,Teamwork,Management,TypeScript,,,,,,,,,,,,,,
66c5cd37e23ab826559343de,ACoAABivMEcBKzG677UtT6_eeq_Hm7JKCUPkTkU,MongoDB,Node.js,Embedded C,Autosar,Agile,Microcontroladores,Patentes,Seis Sigma,Scrum,code review,ARM,Requirements Management,coding standards,Git,Microsoft Office,Matlab,Visual C#,PHP,HTML5,JavaScript,MySQL,PostgreSQL,Linux,CSS,Python,SVN,Eclipse,Microsoft Excel,UML,JIRA,RTOS,ISO 26262,C/C++ STL,automated tests,Real Time Embedded Systems,Embedded OS,CAN,IBM Rational DOORS,Vector Davinci,Trace32,Aurix,Enterprise Architect,DaVinci Developer,DaVinci Configurator,CANoe,CANape,Aurix TriCore,Confluence,FreeRTOS,Engenharia,,,,,,
66c5cd37e23ab826559343df,ACoAAC-ZJ1oBPe2WdFTVXinBdj_caRkDfRv_PEA,Next.js,Node.js,React,MongoDB,Docker Products,MySQL,SQL,Clean Architecture,Hexagonal architecture,Model-View-Controlador (MVC),Express.js,TypeScript,Test-Driven Development,Jira,Prisma ORM,Object-Oriented Programming (OOP),Front-end Coding,Software Development,Redux.js,Back-End Web Development,Front-End Development,Webpack,Adobe Photoshop,HTML5,Cascading Style Sheets (CSS),SASS,REST APIs,Representational State Transfer (REST),Figma,vscode,TDD,Redux Toolkit,GitHub,Git,Jest,JavaScript,React Hooks,English C1,Elemental 1,Habilidades interpersonales,Trabajo en equipo,,,,,,,,,,,,,,,
66c5cd37e23ab826559343e0,ACoAAETL9gABP0S_qmA8UKy94WB9YhiwDB7ASS4,Hibernate,Control de versiones,Cloud Data,Cloud Networking,Cloud Security,Cloud Services,Cloud Storage,Virtualization,Spring Boot,Java,Metodologías ágiles,Bootstrap,Azure,Facilidad de adaptación,Comunicación oral,Aptitudes de organización,Inglés,Programación,Diseño de front-end,Laravel,Tailwind CSS,Vite,Aplicaciones web,Desarrollo Full Stack,Trabajo en equipo,Desarrollo front end,FastAPI,Relational Databases,Back-End Web Development,Express.js,Angular,Atención al cliente,Resolución de problemas,Comunicación,Cargar y descargar,AngularJS,React.js,JavaScript,GitHub,HTML5,Hojas de estilos en cascada (CSS),Node.js,MongoDB,SQL,Desarrollo web,MySQL,PHP,TypeScript,,,,,,,,
66c5cd37e23ab826559343e1,ACoAADyXf_QBYi-n_S0djgBFwGMwByzMWIM1mFc,Inglés comercial,TypeScript,React Native,Ruby,Inglés,HTML,Bootstrap 5.1,Desarrollo Full Stack,Maquetación de Aplicaciones Web | Estáticas y Dinámicas,Modelo-Vista-Controlador (MVC),TDD Methodology,Clean Code,Principios SOLID,ESLint,IntelliJ IDEA,Ruby on Rails,SQLite,IDE de Visual Studio ,JIRA,JSON,PhpMyAdmin,SiteGround,Laravel,Webpack,Jest,Mocha,yarn,Npm (Software),IDEs,Herramientas de desarrollo,GitHub,Git,MySQL,Jasmine Framework,Metodologías ágiles,Programación orientada a objetos (POO),Scrum,jQuery,SQL,PHP,Hojas de estilos en cascada (CSS),Desarrollo de software,React.js,Node.js,JavaScript,HTML5,Sass,Express.js,MongoDB,pair programming,,,,,,
66c5cd37e23ab826559343e2,ACoAACSVm-QBa0hOaXCs1WsmRVzgtevf_D7GMiI,JSONJSON,HTML5,Desarrollo web,Aplicaciones web,HTML,Trabajo en equipo,Impartición de formaciones,Formación de personal,Resolución de incidencias,Planificación estratégica,Liderazgo de equipos multidisciplinarios,Dirección de equipos,Análisis de decisiones,Razonamiento analítico,Inteligencia emocional,Comunicación interpersonal,Orientación a objetivos,Control de tiempo y asistencia,PostgreSQL,Git,SQL,Gestión del tiempo,Autodidacta,Scrum,Gestión de proyectos,Desarrollo de personal,Gestión operativa,Desarrollo Full Stack,Tecnologías web,Node.js,Express.js,CSS,Redux.js,JavaScript,React.js,Tailwind CSS,Next.js,MongoDB,,,,,,,,,,,,,,,,,,
66c5cd37e23ab826559343e3,ACoAADDfHCoBffyTFddYPUVEZjF9VzvJYodezU4,Hypertext Transfer Protocol Secure (HTTPS),Document Object Model (DOM),Cross-browser Compatibility,Codificación de front-end,Desarrollo de software,Integración continua,Lenguaje SASS,Desarrollo de aplicaciones web,ESLint,Jest,HTML semántico,Stack MERN,GitHub,REST APIs,Front-End Development,HTML5,Testing,css,Node.js,MongoDB,Continuous Integration and Continuous Delivery (CI/CD),TypeScript,Redux.js,Flux,Communication,Desarrollo web,HTML,JavaScript,Git,React.js,Cascading Style Sheets (CSS),Responsive Web Design,Firebase,,,,,,,,,,,,,,,,,,,,,,,
66c5cd37e23ab826559343e4,ACoAABQHdScBNI8MLgkGlWdIjlgTvlHx2T46k7Q,JavaScript,HTML5,Hojas de estilos en cascada (CSS),Fotografía,Fotografía digital,Vídeo,Televisión,Películas,Resolución de problemas,Producción cinematográfica,Node.js,React.js,MongoDB,Mongoose,AJAX,Photoshop,Final Cut Pro,Microsoft Excel,Microsoft Office,Bootstrap,Git,GitHub,Servicio de atención al cliente,Docencia,Trabajo en equipo,Inglés,Francés,Alemán,Italiano,Handlebars.js,Express.js,Document Object Model,Heroku,Nuke,Maya,After Effects,,,,,,,,,,,,,,,,,,,,
66c5cd37e23ab826559343e5,ACoAADj2bHYBjyU7wn6uYc-3dJcqD8IGGldl2lk,React Native,Java,Hibernate,JPA,Java Servlet,Java Database Connectivity (JDBC),Desarrollo front end,Desarrollo web back end,Desarrollo Full Stack,Laravel,PrestaShop,Magento,React.js,Desarrollo de software,HTML5,PHP,Desarrollo web,Apache,MariaDB,Docker,Analítica,Django,SQL,Bases de datos,Redux.js,Sistemas de gestión de contenidos (CMS),NoSQL,Diseño de WordPress,MongoDB,Análisis web,Gestión de proyectos,Google Analytics,Medios de comunicación social,Node.js,Páginas de destino,Compra programática de espacios publicitarios,Optimización para motores de búsqueda (SEO),JavaScript,Inglés,Python,HTML,Hojas de estilos en cascada (CSS),WordPress,Marketing de redes sociales,Resolución de problemas,Marketing online,Estrategia,Google Ads,Marketing digital,Marketing,Comunicación,Capacidad de análisis,Estrategia de marketing,Liderazgo,Gestión,Trabajo en equipo
66c5cd37e23ab826559343e6,ACoAAA-ZZrwBxSPEhzorL_nntJaNPWSBfTimEPQ,Gestión de proyectos,Programación,Desarrollo web,Usabilidad,Diseño web,Análisis web,JavaScript,Creación de páginas web,Bases de datos,Trabajo en equipo,PHP,Aplicaciones Web,Diseño de bases de datos,Comercio electrónico,Gulp.js,Bower,Node.js,Trabajo con adolescentes,Educación de adultos,Educación,Symfony,SEO para comercio electrónico,MySQL,Desarrollo del front-end,TypeScript,Jade,Estrategias creativas,Diseño de conceptos creativos,Resolución creativa de problemas,PrestaShop,MongoDB,Auditorías de SEO,API de Facebook,Integración de PayPal,Wireframes,Frameworks de PHP,Express.js,XHTML,Estrategia empresarial,CodeIgniter,MySQLi,Automatización de procesos,Visualización creativa,Gestión de la innovación,Innovación tecnológica,Criptografía,Bitcoin,Pug,jQuery,Inteligencia emocional,,,,,,
