_id,urn_id,distance,jobtitle,location,name
66c47ccbf15396d597659571,ACoAADRJiWABXgVKNTS73HxEJAw8mDS2uX-YvSQ,DISTANCE_3,Full Stack Engineer | NodeJS | Express | React | Angular | MongoDB | MySQL | PHP,Barcelona,Josep Romero Ros
66c47ccbf15396d59765957c,ACoAACEkfUYB3Z6gbkKPokpugJpX87HdkXCWjBE,DISTANCE_3,Front End Developer / Back End Developer | React | Redux | NodeJS | MongoDB | Typescript | Jest | Cypress | HTML | CSS | JS | SASS,Barcelona,Francesco Fabrissin
66c47ccbf15396d59765958f,ACoAAB-O41EBA3C3Re69urhfhKE8yiNwfxUdWu4,DISTANCE_3,Data analyst - Data Scientist | Python • SQL • MongoDB • Tableau • Machine Learning,Barcelona,Marc Calvente Lozano
66c47ccbf15396d597659598,ACoAAAtZwGUBiRBcnJm0X8Eo7oehtd6wOeb_lwc,DISTANCE_3,Full-Stack Developer: Javascript (ES6) | ReactJS | NodeJS | Java | Springboot | MySQL | MongoDB,Barcelona,Samantha Martins S. Camelo
66c47ccbf15396d59765959d,ACoAADlyp3sBr9RR3i_woFZOqypJqhWIZdtXfdg,DISTANCE_3,Junior Backend Developer | Java & Spring Boot | MySQL | MongoDB | Git | Postman,Barcelona,Yasmina Barbero Minguet
66c47ccbf15396d5976595b5,ACoAACTn8nABQYRg9JJ6Dh5bwgQUbjmehppmwB8,DISTANCE_3,Helping organizations unlock the power of Data,Barcelona,Santiago Del Campo
66c47ccbf15396d5976595c0,ACoAAAGsgi8BXhpBzD_IMLsoNzq0ZI4YmbjVIA0,DISTANCE_3,Full Stack Developer | HTML5 | CSS3 | SCSS | ReactJS | Redux | Next JS | Javascript | Typescript | Git | NodeJS | MySQL | MongoDB | Java | ELM | Rescript | Functional Programming,Barcelona,Igor Luzarraga
66c47ccbf15396d5976595c4,ACoAAAgDtyYB309hw4SKCgsxFs9R1tQ1HBiGobU,DISTANCE_3,Developer | JavaScript | TypeScript | Express | Next | Nest | Node | React | Svelte | MySQL | MongoDB | CSS | HTML | GraphQL | Git | TensorFlow | Rest | Docker | Kubernetes | TailWind | Vitest | Jenkins | AWS,Barcelona,Rishi Daryanani
66c47ccbf15396d5976595c5,ACoAAAGCQOABC-s0RsZsPbPtw06eugyXwVmPmcI,DISTANCE_3,Chief Technology Officer,Barcelona,Ignacio Lago
66c47ccbf15396d5976595d7,ACoAABivMEcBKzG677UtT6_eeq_Hm7JKCUPkTkU,DISTANCE_3,Technical Program Manager at MongoDB,Barcelona,Vinicius Lage
66c47ccbf15396d5976595e2,ACoAAC-ZJ1oBPe2WdFTVXinBdj_caRkDfRv_PEA,DISTANCE_3,JavaScript Fullstack Wizard ✨ Creating Magic with NodeJS | Express | MongoDB | Rest API | TypeScript | React | Testing,Barcelona,Irina Semichasova
66c47ccbf15396d5976595eb,ACoAAETL9gABP0S_qmA8UKy94WB9YhiwDB7ASS4,DISTANCE_3,Full Stack Developer React | JavaScript | NodeJS | Java | SpringBoot | PHP | Laravel | Vite | Angular | HTML | CSS | Tailwind CSS | MySql | MongoDB,Barcelona,Maximiliano Liria
66c47ccbf15396d59765960a,ACoAADyXf_QBYi-n_S0djgBFwGMwByzMWIM1mFc,DISTANCE_3,Web Developer FullStack || JavaScript | NodeJS | ExpressJS | MongoDB | ReactJS | Sass | Laravel | Boostsrap | Ionic | ReactNative,Barcelona,Natalia Garcia
66c47ccbf15396d59765960f,ACoAACSVm-QBa0hOaXCs1WsmRVzgtevf_D7GMiI,DISTANCE_3,Desarrollador Full Stack | React JS | Next.js | Javascript | HTML | CSS | Tailwind | MongoDB | Postgres | Node.js | Express | Typescript,Barcelona,Gaspar Moncivaez
66c47ccbf15396d59765961b,ACoAADDfHCoBffyTFddYPUVEZjF9VzvJYodezU4,DISTANCE_3,Frontend Developer | React | Node.js | MongoDB | Full Stack Developer | TypeScript,Barcelona,Gastón Artaza
66c47ccbf15396d59765963b,ACoAABQHdScBNI8MLgkGlWdIjlgTvlHx2T46k7Q,DISTANCE_3,Frontend Developer - Javascript (ES6) | React | Vue | Express & NodeJS | MongoDB | MySQL | HTML & CSS,Barcelona,Alba Cardona Jiménez
66c47ccbf15396d59765964a,ACoAADj2bHYBjyU7wn6uYc-3dJcqD8IGGldl2lk,DISTANCE_3,FullStack Web Developer |Frontend | Backend | JavaScript | React | NodeJS | MongoDB |MEARN| Angular | PHP | Laravel |Wordpress | Magento|Prestashop,Barcelona,Estiben Saul Ramirez
66c47ccbf15396d59765966a,ACoAAA-ZZrwBxSPEhzorL_nntJaNPWSBfTimEPQ,DISTANCE_3,CEO & Founder,Barcelona,Mike Navarro
