_id,keyword,total,fecha,grupo
66ba814d8e5f18aa351f6aa3,Amazon Web Service,238,2024-08-12T23:32:48.789Z,1
66ba814d8e5f18aa351f6aa4,azure,136,2024-08-12T23:33:25.166Z,1
66ba814d8e5f18aa351f6aa6,sql,906,2024-08-12T23:36:34.202Z,2
66ba814d8e5f18aa351f6aa7,nosql,30,2024-08-12T23:36:47.831Z,2
66ba814d8e5f18aa351f6aa8,python,686,2024-08-12T23:39:05.501Z,3
66ba814d8e5f18aa351f6aa9,R,1,2024-08-12T23:39:19.852Z,3
66ba814d8e5f18aa351f6aaa,scala,13,2024-08-12T23:39:36.700Z,3
66ba814d8e5f18aa351f6aad,Microstrategy,0,2024-08-12T23:40:29.619Z,4
66ba8405dcae0a421abefdfd,power bi,40,2024-08-12T23:51:30.598Z,4
66ba8405dcae0a421abefdfe,Tableau,51,2024-08-12T23:51:58.452Z,4
66c14ad5f43e99c27bfdef34,Power bi,29,2024-08-18T03:13:43.789Z,4
66c14ad5f43e99c27bfdef35,Tableau,19,2024-08-18T03:13:57.081Z,4
