_id,urn_id,distance,jobtitle,location,name
66c47ccbf15396d5976594fc,ACoAABfP5yoB_mCUtKbDGFMZpw4uyBh0llSBG8g,DISTANCE_3,Data Analyst | MBA | Industrial Engineer | Python | SQL | MongoDB | Tableau | Data Visualization | Ex: @Philip Morris @Uber,Spain,Nicolás M. Stambolsky
66c47ccbf15396d5976594fd,ACoAABEyB1cBi8Hx8XjUDICh4TowjBbiD2SFiFA,DISTANCE_3,Frontend Developer Junior (MERN) | Javascript (ES6) | React | Rest API | MongoDB | Express | NodeJS | HTML & CSS,Madrid,Sofía Gómez Barcala
66c47ccbf15396d5976594fe,ACoAAAgplloBjV70InE9j_WwlzQMNi1bw33x7J4,DISTANCE_3,DBA DB2 LUW y MongoDB,Madrid,Juan Manuel Pérez Moya
66c47ccbf15396d5976594ff,ACoAACWrb4oBZzjbqTDqQdQIAwiwPBwhdc5UwJA,DISTANCE_3,MongoDB Tech lead & Consulting Engineer,Getafe,Gonzalo Paniagua Racionero
66c47ccbf15396d597659500,ACoAAD6-p2EBFblr1q0LNkibdmgHLGMeBMGPVwk,DISTANCE_3,Full Stack Developer | JavaScript | NodeJS | React | Shopify Dev Expert,Madrid,Óscar Luis Nicolás Bocero
66c47ccbf15396d597659501,ACoAABrw-WwBZJHxfGLmBANl9I8lI6m8bQH-ju0,DISTANCE_3,Cofundadora y CFPO,Madrid,Genesis Martins
66c47ccbf15396d597659502,ACoAABHRoUYBybtQm_eyt7r7iIkAXpULKdsHlWo,DISTANCE_3,Full Stack Developer | PHP | Javascript | Typescript | Laravel | React | Oracle SQL | MySQL | Mongodb | Postgre sql,Madrid,Ángel Bravo de Dios
66c47ccbf15396d597659503,ACoAADSiMXEBN1eVtR5QAeHmNi1GMzMW32A6AWM,DISTANCE_3,Full Stack Developer | Javascript | React | NodeJS | MongoDB | ExpressJS | NextJS,San Sebastián de los Reyes,David Ferrer Gil
66c47ccbf15396d597659504,ACoAAD5AsBUBiSZjnaPuPiDGOj18hHSQbCtQjsY,DISTANCE_3,Backend / Fullstack Developer / Node.js / Vue.js / Nuxt.js / Mongodb / MySQL / REDIS / PHP,Greater Madrid Metropolitan Area,Alejandro Martinez
66c47ccbf15396d597659505,ACoAAC88QCEBGAbScuTvA2urQovIeM3DLgYfutQ,DISTANCE_3,Developer - JavaScript | React | Node | Express | AWS | MongoDB - 42 Madrid Telefónica,Majadahonda,Pedro Conde
66c47ccbf15396d597659506,ACoAAABaQYoBA84BFQvQmpY83vJVnKfesv7gRhE,DISTANCE_3,"Senior Software Engineer at MongoDB, ex-Amazon (AWS)",Greater Madrid Metropolitan Area,Leo Antoli
66c47ccbf15396d597659507,ACoAAB4l6_0BKe04bHvSqyCzSq-NH_R72h_4wCs,DISTANCE_3,Data Analyst | Python | SQL | MongoDB | Tableau | Machine Learning,Greater Madrid Metropolitan Area,Juan Correa Calderón
66c47ccbf15396d597659508,ACoAADNrCt8Buzp_tQX2JWzQS4_CeR65lsHlmdU,DISTANCE_3,Full Stack Developer | JavaScript | Angular| Flutter | MongoDB | Node.JS | Express,Madrid,Lida Xu
66c47ccbf15396d597659509,ACoAADQykCcBEJtENPgmN0eTAr0o6tobowKnWys,DISTANCE_3,Full stack web developer. HTML | CSS3 | JavaScript developer | React.Js | TypeScript | Node.Js | Express | mongoDb | Nextjs | Nestjs | strapi,Spain,Ras H.J
66c47ccbf15396d59765950a,ACoAAB0rG90BYq4HjdIDIQhyk6y7NwEl-1ghH7M,DISTANCE_3,Back-end software developer at Airbus Helicopters.,Madrid,Javier Alonso Gallego
66c47ccbf15396d59765950b,ACoAAC8zOIoBDg0hzCN-tr1nqsB9G26pQJURoF8,DISTANCE_3,Full Stack Developer | JavaScript | Node.js | MongoDB | MySQL | ReactJS | HTML5 | CSS3 | GitHub | Building Engineer,Madrid,Alejandro Ortiz Ortega
66c47ccbf15396d59765950c,ACoAADfGKdABVUcnmd3urtd0CZj2mwq-M7sfOmo,DISTANCE_3,Backend developer | AWS | Python | Spark | MongoDB,Madrid,Sergio Campos Fernández
66c47ccbf15396d59765950d,ACoAACrHjnoBx-IKxKXKPOJXbpnUllJ5LuPu1Ho,DISTANCE_3,Full Stack Developer > JavaScript | TypeScript | Angular | Node Js | Express.js | HTML/CSS | Bootstrap | MongoDB | MySQL | GitHub,Madrid,Carlos Roldán Cañete
66c47ccbf15396d59765950e,ACoAAB3XyscBFU8F24JswRcs5Lp-MNYFDpKHw2w,DISTANCE_3,Chief Technology Officer,Greater Madrid Metropolitan Area,Ayman Nehme
66c47ccbf15396d59765950f,ACoAADi6LUwBiPU38c3jf5HU15IH2NIMFKV1Xx8,DISTANCE_3,"DATA ANALYST, SQL, PYTHON, MongoDB || POET",Greater Madrid Metropolitan Area,Ester Fernández-Peinado Martín
66c47ccbf15396d597659510,ACoAACXbKtkBiCch_o5e47RTTZCHrcM-PE5DxtI,DISTANCE_3,Data scientist 👨🏽‍💻| Machine learning | Python | R | MongoDB | MySQL Workbench | Hadoop/Spark | Deep learning | Data Mining | Excel | PowerBI |,Getafe,Eduardo Torres Sabas
66c47ccbf15396d597659511,ACoAADzk_xEB8EdsrJtwxuqTCJe2ohHbXc85Nr8,DISTANCE_3,FullStack Developer | JavaScript | Angular | TypeScript | NodeJS | SQL | MongoDB,Greater Madrid Metropolitan Area,Sonia Flores 🚀
66c47ccbf15396d597659512,ACoAAACyFzEBW0wZEqiylTbX8dANXGHPAqXtGvI,DISTANCE_3,Senior Software Engineer at MongoDB,Madrid,Vicente Olmedo
66c47ccbf15396d597659513,ACoAACMZ8p0BpYnvBFsuCIrKYz4K-sPIcqx0m8s,DISTANCE_3,FullStack Web Developer - Javascript - ES6 | MongoDB | Express | React | Node | HTML & CSS | Wordpress,Madrid,Juan Romero Gómez
66c47ccbf15396d597659514,ACoAADTy4oQBaUhjefi2VjJWw1wPrrYNNX4pAWY,DISTANCE_3,Data Scientist @ Capgemini Engineering | AI· Computer Vision · Python · SQL · MongoDB · TensorFlow · Celonis|,Madrid,Sonia GarcÍa Fominaya
66c47ccbf15396d597659515,ACoAABHFsTIBYDIzDp9p-7yVGo6yXuG6c7NVYuc,DISTANCE_3,Data Analyst & Market Researcher 📊 | Python | SQL | MongoDB | Machine Learning | MSOffice | PowerBI | Tableau | SPSS 💻,Greater Madrid Metropolitan Area,Adrián Castells Ciges
66c47ccbf15396d597659516,ACoAABYSmw8BbsNcXHzaT0OzyNBVzgAHMgqsYpM,DISTANCE_3,"Full Stack Engineer | React, Node, Express, MongoDB",Greater Madrid Metropolitan Area,Barbara Diaz
66c47ccbf15396d597659517,ACoAACI0E1sB8Shxt13liosrB03Q_mA_FT1F8Iw,DISTANCE_3,Full stack Developer | React | Node | JavaScript | Next.js | Express | PostgreSQL | MongoDB | CSS | HTML5 | Git,Greater Madrid Metropolitan Area,João Neto Florencio
66c47ccbf15396d597659518,ACoAADZXjzgBvodbd8b1-iVO_ZErmWwW4c4iinA,DISTANCE_3,"Aspiring Data Analyst | SQL, Excel, MongoDB | Tableau",Madrid,Beatriz Entrialgo Rodriguez
66c47ccbf15396d597659519,ACoAAC1YFCAB_Xgl_OfJTg1d2LCZHwtKrpe0Apo,DISTANCE_3,Full Stack Developer -- Python | JavaScript | React | Flask | PHP | Laravel | MySql | MongoDb | AWS,Madrid,Andrei Chiorian
66c47ccbf15396d59765951a,ACoAAAv2vJYBCWKuoZox_77PogwO1k1UEKg2mtQ,DISTANCE_3,Fullstack Developer - MongoDB | React | Javascript | Typescript | Node.js,Madrid,Rafael de Lázaro
66c47ccbf15396d59765951b,ACoAAC4T2ssBMJW9rA-skAS1SMv4BRM988quyvE,DISTANCE_3,Full Stack Developer - Javascript ES6 | MongoDB | Express | React | NodeJs | Php | Java | MySql | HTML5 & CSS3,Greater Madrid Metropolitan Area,Aitor Guerrero Barroso
66c47ccbf15396d59765951c,ACoAADe2YlEB6FUxpnOE7UaGngPVRxxnFfPHYug,DISTANCE_3,FullStack Developer ‍💻 - ReactJS | JavaScript | TypeScript | HTML5 | CSS3 | UI/UX Design | Python | NodeJS | MySQL | MongoDB 👨‍💻,San Fernando de Henares,David Ramírez Rodríguez
66c47ccbf15396d59765951d,ACoAAAzDpYMBG2uoWTcQupjjXQcwnsCgDYtLBxI,DISTANCE_3,Software Developer Engineer | React | Redux | JavaScript | TypeScript | Node | Express | MongoDB | MySQL,Madrid,Victor Ronda Muñoz
66c47ccbf15396d59765951e,ACoAABAMGNgBUIWH_3o9bxsaRBf7AgUNGBT_OvM,DISTANCE_3,Full Stack Developer - Javascript | ES6 | MongoDB | Express | React | Node-js | HTML | CSS,Greater Madrid Metropolitan Area,Tirso del Álamo
66c47ccbf15396d59765951f,ACoAADIkmm8B8D8FgAjeX-_dF5pZswxP6R6nV9w,DISTANCE_3,Full Stack Developer 💻 HTML | CSS | Javascript | TypeScript | Git | ReactJs | React Native | NextJs | Expo | NodeJs | ExpressJs | MongoDB,Madrid,Alejandro García Carmona
66c47ccbf15396d597659520,ACoAAA-xz-kBjg4tAbQVYYLPS4rweoJSLDVGOFw,DISTANCE_3,Data Engineer | Pyspark | AWS | Azure | Python | SQL | Scala | Databricks | MongoDB | PowerBI,Greater Madrid Metropolitan Area,Noelia Carrion
66c47ccbf15396d597659521,ACoAAEKYTtoByjowgDgevyOliaknmxBGinlnSH0,DISTANCE_3,Data Analyst - Python | SQL | MongoDB | Power BI | Tableau | Machine Learning,Greater Madrid Metropolitan Area,Juan Gouveia Fardilha
66c47ccbf15396d597659522,ACoAAA5C6gwBKvBVLfLlY1SygTsixSH9tpMLT80,DISTANCE_3,QA Automation Tester at Sogeti | ISTQB | Selenium | Robot Framework | Python | JMeter | Snowflake | Gherkin (BDD) | Scrum - Kanban | Jira | MongoDB | SQLite | PyCharm | GitLab,Madrid,Denise Troglio
66c47ccbf15396d597659523,ACoAAAXMJaIBGCofBj7vxojg5YGm4oQj9YOtB0E,DISTANCE_3,"DBA SQL Server, Azure SQL, MongoDB",Greater Madrid Metropolitan Area,Hugo Calzada
66c47ccbf15396d597659524,ACoAADmXYlEB_6cCX_RcYcxzKBmRiBnTNzGoxpM,DISTANCE_3,Desarrollador Full Stack Junior | Web Dev | MERN | UX | React | NodeJs | Express | MongoDB | JavaScript | Tailwind | TypeScript | MySQL | SOLID,Greater Madrid Metropolitan Area,Alejandro Villegas
66c47ccbf15396d597659525,ACoAABtTSN0BSZ8xJ-ECcOCQAwQVqXdStyIscJU,DISTANCE_3,Fullstack Developer ⚡ React MongoDB NodeJS Express JavaScript HTML5 CSS3 NoSQL - Background in Design Adobe CC Photoshop InDesign Illustrator,Madrid,Carlos G.
66c47ccbf15396d597659526,ACoAAB0Qd_EBEYUXdLp0jO2DtSpTHiPGWskbrik,DISTANCE_3,Full Stack Developer | Frontend Developer | Backend Developer 💜JavaScript | React | Node.js | MongoDB | CSS | Boostrap | HTML 💜 Angular | TypeScript | jQuery | API REST,Madrid,Yanxia Wu
66c47ccbf15396d597659527,ACoAABhJypkB2NlPnOc-e68p0-4VyHZTuuAcBMM,DISTANCE_3,"Data analyst | Python, SQL, Pandas, Machine Learning, MongoDB, Tableau",Madrid,Andrés Pérez Tercero
66c47ccbf15396d597659528,ACoAABNEdvkBvdPEa8B6KJCZYWlGB24158u32-s,DISTANCE_3,Data Analyst | Python | SQL | Tableau | Power BI | MongoDB | Machine Learning,Madrid,Alfonso Urra
66c47ccbf15396d597659529,ACoAAB3fssUBJJkcD37ufR6D0HizBpFfe6SaXCQ,DISTANCE_3,Full Stack Developer | React | Angular | Javascript(ES6) | Node | Express | MongoDB | HTML | CSS,Madrid,Diego Valdelvira
66c47ccbf15396d59765952a,ACoAAARNK0IB-ZVB5n-rl2l935vclZmbtinQ0Qw,DISTANCE_3,Senior Software Engineer,Greater Madrid Metropolitan Area,Santiago Regojo
66c47ccbf15396d59765952b,ACoAAC3hMwsBRRkG9SFoxecnbka_99SHw-6YlOE,DISTANCE_3,Full Stack Developer | HTML5 | CSS | Javascript | MongoDB | React | VUE |Node.js | Python,Madrid,Armando M.
66c47ccbf15396d59765952c,ACoAAA0vy3MBrhMGvHeoKwYZTA3XqLayMA6kPKY,DISTANCE_3,CTO,Greater Madrid Metropolitan Area,Ruben Romero Díaz
66c47ccbf15396d59765952d,ACoAAD9himUBuEnNIi6R_PsvrLPwCsk3HXeqenA,DISTANCE_3,Data Analyst | Python · Pandas · SQL · MongoDB · PowerBI · Tableau · Machine Learning,Madrid,Xiang Lin Zheng
66c47ccbf15396d59765952e,ACoAAAVchU0BHyiAoyF90qFFuhdY3Mpa6VfM2J0,DISTANCE_3,Test Automation Expert | Selenium | Kubernetes | Docker | Azure | DevOps | IAM | BDD | Neo4j | MongoDb | Performance Testing,Spain,Dhruv Patel
66c47ccbf15396d59765952f,ACoAACn8PSQB1j2ncVfJ3E9sQ63x57vB7zJ3eNs,DISTANCE_3,Full Stack Web Developer,Greater Madrid Metropolitan Area,Beatriz Rodriguez
66c47ccbf15396d597659530,ACoAAAQmVHoBYH8B-5J77ZwKh_UhmzKdZ8o0vqo,DISTANCE_3,Software Developer | React Native | React | Next.js | Typescript | MongoDB | Node.js | Express,Madrid,Ernesto Espinoza Menocal
66c47ccbf15396d597659531,ACoAAAWJEj8Bg3ZCDHd98bHJj7qRRnvW9cLDEo8,DISTANCE_3,Backend Developer | Typescript + NodeJS + NestJS | SQL + MongoDB | AWS,Madrid,Javier Morera
66c47ccbf15396d597659532,ACoAAAkMXwoBijHe3ZuM3apA08RZoZGoBymjO5A,DISTANCE_3,Full Stack Developer | AWS | HTML5 | CSS3 | JS | Express | Node | Java | React | Angular | MongoDB | MySql | Microservices,Greater Madrid Metropolitan Area,Anna Mª Porras Marcual
66c47ccbf15396d597659533,ACoAACwoOYoB9wpt1bPsrwsDb54KEKyriV4cxkI,DISTANCE_3,Data Engineer || Python | SQL | MongoDB,Madrid,Nerea Riveiro
66c47ccbf15396d597659534,ACoAADJqvgUBbjgci4rpLX-LuWoMhitXhNDpiMQ,DISTANCE_3,Full Stack Developer React | Javascript | Typescript | MongoDB | NodeJS | Express | Cypress | HTML | CSS,Madrid,David Daganzo Fraile
66c47ccbf15396d597659535,ACoAADHCxwMBYpRFBppGAJE5izcR1zAAeUltX_c,DISTANCE_3,Data Analyst | Python · Java · C# · SQL · Oracle · PL/SQL · MongoDB · Tableau · Streamlit · Git and Github,Alcobendas,Brandon Castillo
66c47ccbf15396d597659536,ACoAADQY7nQBh2Y13bT1JedyLz4_Ha6zLYQt_gk,DISTANCE_3,Software developer • Python • Javascript • MongoDB • MySQL • Docker • AWS • NodeJS • React • Flask • Pandas • HTML • CSS • COBOL • JCL • Git • JIRA,Madrid,Hector Manuel Martínez Delgado
66c47ccbf15396d597659537,ACoAAD3wfacBrMnsGzYgm9zCkYP9DHiI17AhZlk,DISTANCE_3,Full Stack Developer - Java | Javascript | React | NodeJS | SQL | MongoDB | TypeScript,Madrid,Alejandro Castejón
66c47ccbf15396d597659538,ACoAAAWxnUABS4bvxCqDHWq9PE6fw1f3p61Notc,DISTANCE_3,Data Analytics | Python | SQL | MongoDB | Matlab | Machine Learning | Industrial & Automotive Engineer | Business Development,Greater Madrid Metropolitan Area,Daniel Helguera
66c47ccbf15396d597659539,ACoAADLet9ABys1KdFraJH1EGGbEsCFe7aV6Pdc,DISTANCE_3,Full Stack developer junior | JavaScript | Angular | React | HTML | Css | Scss | Less | Node | Typescript | PHP | MySQL | MongoDB,Fuenlabrada,Samuel Fernández Sánchez
66c47ccbf15396d59765953a,ACoAABcAiakBDsjDGR_6-KpyIdw88CYLmdwWMOw,DISTANCE_3,CTO,Madrid,Francisco Jesús Cadenas Callejón
66c47ccbf15396d59765953b,ACoAACZjK0oBP7Q_O2SiB2HVAAoTr6so7E-Wv0o,DISTANCE_3,Frontend Developer 🌐 Javascript (ES6) | MongoDB | Express | React | NodeJS | HTML & CSS | Next.JS | TypeScript,Madrid,Ana Sánchez Muñoz
66c47ccbf15396d59765953c,ACoAACdLB1IBsYxIo6q6owJHTpoQL8ShkI4LICs,DISTANCE_3,Frontend Developer | HTML5 | CSS | JavaScript | Typescript | C | React | Git version control | Google Cloud Platform | MongoDB | Nodejs,United States,Unai B.
66c47ccbf15396d59765953d,ACoAADQHl_4BI8c2gZGfa6KvSme5F0pNrQJXyR0,DISTANCE_3,Programador Web - Angular | React | HTML5 | CSS3 | JS | Node | Express | MongoDB | MySQL | Git | WordPress,Madrid,Alejandro Pose Silveira
66c47ccbf15396d59765953e,ACoAAC11BnkBVaD2WFlsdywEabw5pdL3aXT-Pqs,DISTANCE_3,Data Scientist and Analyst & Chemical Engineer | Python | SQL | MongoDB | MatLAB | PowerBI | Tableau | Machine & Deep Learning | MSOffice | Generative A.I.,Greater Salamanca Metropolitan Area,Ana Chaparro Hernández
66c47ccbf15396d59765953f,ACoAACFwHnwBNh5q1x1UZBezBxmCMEi5d5hxq-o,DISTANCE_3,Full Stack Web Developer | REACT | JavaScript | HTML | CSS | MongoDB | Express | Git | Vite | Node.js | Tailwind,Spain,Raúl Camuñas
66c47ccbf15396d597659540,ACoAAB2Dl2UBmw5RlaNFQ4vadUHki0Vje875yLY,DISTANCE_3,Consulting Engineer,Madrid,Jose Manuel Espinosa Delgado
66c47ccbf15396d597659541,ACoAADKowekBaMvg6AkmqoEtNR1ehvIF3EuF8VM,DISTANCE_3,Full Stack Developer | JavaScript | Angular | NodeJS | MySQL | MongoDB | HTML | CSS | Bootstrap | SASS,Madrid,Patricia Contreras Carranque
66c47ccbf15396d597659542,ACoAAEQcOR4BAOjsjY4fuLx3gDlGgW927IBmMq8,DISTANCE_3,Desarrollador Web Full Stack Jr. HTML | CSS | JavaScript | React | Express | node | Git | MongoDB | Bootstrap | Tailwind | IA,Madrid,Jose Luis Torres Rodrigo
66c47ccbf15396d597659543,ACoAABzXBgIBFZyaZBZcl3kXtcXCqO_jzhvA5Ho,DISTANCE_3,Programmatic Trader | Data Analytics | Python - SQL | Tableau| MongoDB,Madrid,Irene Lopez Lujan
66c47ccbf15396d597659544,ACoAACqFGe0BiE3nWsJIpB2A4KTf9B0vJkAww9k,DISTANCE_3,FullStack Developer | MEAN | MERN | Ionic | unit testing | e2e testing | CI/CD,Madrid,Diego Guzmán Medrano
66c47ccbf15396d597659545,ACoAABkNw44BmWM5WcXfYWMQMGlln9HlLH59VEw,DISTANCE_3,Desarrollador MEAN stack.,Madrid,Fco Javier Martínez Gómez
66c47ccbf15396d597659546,ACoAACKu3QoBYqLT7FuJDBhKNXUBRI0ifhPrrsk,DISTANCE_3,React | Vite | Bootstrap | Git | Typescript | Java | MySQL | Agile | Software | Business | Web | Technology | Finance | Leadership | Team work | International | Engineering | Angular | MongoDB | Node | Express,Greater Madrid Metropolitan Area,Pierre Carrillo Martinez
66c47ccbf15396d597659547,ACoAADBAWcEB8yoXDxz43BQPvK49AriQ_g2FR3E,DISTANCE_3,Software Developer | React.js | MongoDB | JavaScript | Node.js | Flask | Python,Torrejón de Ardoz,Diego G.
66c47ccbf15396d597659548,ACoAAC4R6akBGtFV4aW1hA_D2CHrSjx3mvxjeWE,DISTANCE_3,FullStack Developer | Golang | GCP | React.js | Next.js | MongoDB | Node.js | Express | JavaScript | CSS | HTML5,Greater Madrid Metropolitan Area,David García Bravo
66c47ccbf15396d597659549,ACoAABO3z8YBRyvQRoXrvleqjGIBs3YzH49lzII,DISTANCE_3,Data Scientist Junior | Python 🐍 | SQL | Power Bi 📊| MongoDB,Greater Madrid Metropolitan Area,Jorge Fernández Tejedor
66c47ccbf15396d59765954a,ACoAAAhcBF4BYtKmvkqVzoi221TJ91TnjG6n_LE,DISTANCE_3,"Data analyst/ Full-stack developer - JavaScript (ES6), HTML, CSS, ReactJS, NodeJS, ExpressJS, MongoDB, npm, Mapbox, Git & GitHub /Architectural Technologist / BIM modeller",Greater Madrid Metropolitan Area,Carmen García Guzmán
66c47ccbf15396d59765954b,ACoAADiQpW4BHI1q8PJwqsAs4RYaNBKRH8wE9N8,DISTANCE_3,"Junior Full Stack Developer - MongoDB, PHP, JS, Laravel, Express, React, Node.js...",Madrid,Daniel Revenga
66c47ccbf15396d59765954c,ACoAAAZcpvMBKS5rOU5vaCG09WNuACx1KvzkYts,DISTANCE_3,Fullstack developer | JavaScript | Typescript | Node js | React | Mongodb | PostgreSQL | MERN | AWS,Greater Madrid Metropolitan Area,Oscar Sanz
66c47ccbf15396d59765954d,ACoAACQrho4BxIyjCIRNVQPLFrN3lm5QE0ARCmg,DISTANCE_3,"FullStack Developer Front End | Angular, Blazor | Back End | Asp .Net, Node.js, Java - Spring boot | BBDD | Oracle, MySQL, MongoDB, Firebase",Alcalá de Henares,Ibrahim Ben Driss
66c47ccbf15396d59765954e,ACoAAClDlCYBL2ecSCr4ExPthqQdEB4IZrnQfNE,DISTANCE_3,"React, Redux, Node, Express, MongoDB",Greater Madrid Metropolitan Area,Cesar M.
66c47ccbf15396d59765954f,ACoAADGqacMB9bukGtyKGTFZe5eZGigtnaHxdAc,DISTANCE_3,Web Developer | JavaScript | Vue.js | Angular | React | Node.js | Java | Spring Boot | SQL | MongoDB,Madrid,Adrián Maza Vázquez
66c47ccbf15396d597659550,ACoAAC1ruYsBfD6bL3mMyWw-XwpYhRedqLnfRN8,DISTANCE_3,Frontend Developer | React | MERN | Node.js | SQL | MongoDB | TypeScript,Madrid,Sefi Cohen
66c47ccbf15396d597659551,ACoAADz4lFoBbzBcpgTJnihHow6fX7nX9xaNnUk,DISTANCE_3,Junior Fullstack Web Developer - HTML5 - CSS3 - JAVASCRIPT - REACT JS - MONGODB - EXPRESS JS - NODE JS,Pinto,Adrián Soto Maeso
66c47ccbf15396d597659552,ACoAAAYoXKIB_2m_lSfHfpBe6NqUu2lHfoUYF5U,DISTANCE_3,Full Stack Developer | JavaScript (ES6) | React | NodeJS | MongoDB | Express | HTML 5 | CSS | Bootstrap,Greater Madrid Metropolitan Area,Óscar Gómez Díez
66c47ccbf15396d597659553,ACoAACqbkdkByIKqvVeQJ1iMGQjV2wgdp-oZx3M,DISTANCE_3,"Full Stack Developer | React, Javascript (ES6), HTML, CSS, Node.js, MongoDB y Express",Madrid,Lorena Cortés Ruiz
66c47ccbf15396d597659554,ACoAACUHJgkBbKfOSfBEYqTrRth53uzTysaZpdU,DISTANCE_3,Web Dev & DevOps | Python | JavaScript | NodeJS | ReactJS | VueJS | ExpressJS | MongoDB | Docker | Kubernetes | Terraform,Madrid,Alejandro Reche Costa
66c47ccbf15396d597659555,ACoAABBPW-cBStaXP3SnAiuORPWVu451l3h_9PE,DISTANCE_3,Full Stack Web Developer Junior | Javascript | React | NodeJS | ExpressJS | MongoDB | HTML & CSS. Asesor financiero y contable,Greater Madrid Metropolitan Area,Pablo Rodríguez Ramírez
66c47ccbf15396d597659556,ACoAACen7RoBpBJob5NtOcMkzu9N5CftHMJ7YSM,DISTANCE_3,Tax Administration,Madrid,Gustavo Jose Maldonado Alvarez
66c47ccbf15396d597659557,ACoAAB0TOK0BRIa6cNhRsUBnp2NinXxq4lyX5Fw,DISTANCE_3,Backend engineer,Greater Madrid Metropolitan Area,José Manuel Agúndez García
66c47ccbf15396d597659558,ACoAABQcLSQBXdujJxp1dn2pxPifeqbb0rS78yc,DISTANCE_3,Full Stack Developer | PHP | Node.js | Laravel | React | Redux | Javascript | TypeScript | MySQL | MongoDB | API Rest | Jest | Testing,Madrid,Abel Naharro Morillo
66c47ccbf15396d597659559,ACoAADKIdywBSGJtr7Zm9mLKdtWsfeTwyfYEJng,DISTANCE_3,Global VP of IoT,Madrid,Barry Haughian
66c47ccbf15396d59765955a,ACoAADmP8o4BTrUGuerMxf2m_pfBtcQ_X4KLJ20,DISTANCE_3,FullStack Developer | JavaScript ES6 + HTML5 + CSS |MongoDB + Node.js + React.js + Express.js |,Madrid,Arseni Chircov
66c47ccbf15396d59765955b,ACoAAAToz1cBnI-8Ncod8D4ZyXhCyOX7Tb7Ht_E,DISTANCE_3,"Full Stack Developer | JavaScript (ES6), Java, NodeJS, Spring, ExpressJS, VueJS, ReactJS, SQL, MongoDB, API, HTML, CSS",Madrid,Natalia Pinzon Gualdron
66c47ccbf15396d59765955c,ACoAADr6O4UBzYLgw1fA7VAmzxkMqJ7fAnwA-JA,DISTANCE_3,"Full Stack Developer - Javascript (ES6), MongoDB, Express, React, NodeJS, HTML & CSS Backend Developer - Elixir, Docker, Prometheus, Gitlab, SQL, Microservicios, CI/CD",Madrid,Álvaro Benito Granado
66c47ccbf15396d59765955d,ACoAADUPQZQB5asB3UfIttPKplnJbKW4nNuSq4M,DISTANCE_3,Back-end Developer | NodeJs | NestJs | .Net | Angular | JavaScript | MongoDB,Madrid,Fernando Reviriego
66c47ccbf15396d59765955e,ACoAACoeSScBtpxZOre6V9aASu_RpnxFeiY8BDU,DISTANCE_3,Software Developer | Java | Spring boot | REST API | PostgresSQL | MongoDB | github | TDD | OOP,Greater Madrid Metropolitan Area,Rebeca González
66c47ccbf15396d59765955f,ACoAADzbkwsBn0KAhKU5aVlhsNaGzgpc_NsVQgc,DISTANCE_3,Full-Stack Developer - Javascript | React | SQL | MongoDB | TypeScript,Madrid,Héctor Ginory Alemán
66c47ccbf15396d597659560,ACoAADmYFpIB8VESoGV42vouM4S8pkhP_s99y8Y,DISTANCE_3,Consultant | ∙ PL/SQL ∙ MongoDB ∙ Java ∙ Spring ∙ Unix ∙ Javascript ∙ NodeJS ∙ Angular ∙ React ∙ HTML5 ∙ CCS3 ∙ SCSS ∙ PHP ∙ Symfony,Madrid,Andrés Vázquez
66c47ccbf15396d597659561,ACoAAAbII90B1WlCHtDVC_A6zITbSHizCbeAFBU,DISTANCE_3,Backend Developer,Greater Madrid Metropolitan Area,Javier Pacheco García-Izquierdo
66c47ccbf15396d597659562,ACoAADsbDYoBlLl1YQXKD4WUx9Z0zuIolCLpn_Q,DISTANCE_3,Full Stack Web Developer | Javascript (ES6) | Express | React | CSS | HTML | MongoDB | VS Code | Postman | Automotive Engineer,Greater Madrid Metropolitan Area,Diego Rodríguez
66c47ccbf15396d597659563,ACoAACQiqnoBx2n_pe8ICortni1EzORR_VmdiWI,DISTANCE_3,Full Stack Developer - HTML & CSS | JavaScript (ES6) | Node JS | ExpressJS | MongoDB | ReactJS | Angular | ReduxJS,Greater Madrid Metropolitan Area,Leon Lonte
66c47ccbf15396d597659564,ACoAACPx-WwBUasI689eCtG_hx3DGZIK7lMvrJc,DISTANCE_3,Data Analyst | Python | SQL | MongoDB | Power BI | Tableau | Machine Learning | Power Apps | Microsoft 365,Greater Madrid Metropolitan Area,Silvia Barge Alvarez
66c47ccbf15396d597659565,ACoAADFRQIsByWG7DcHrTVhTlrmpIcA-fyy6NyU,DISTANCE_3,Fullstack Web Developer JavaScript TypeScript React HTML CSS SASS NodeJS Express MongoDB SQL Git SCRUM Agile,Torrelodones,Álvaro Arias Rivero
66c47ccbf15396d597659566,ACoAAAqt5ZkB9QBvqsYuWpIvhMGf2SIozoRj3RM,DISTANCE_3,CIO - Head of Information Technology,Greater Madrid Metropolitan Area,Juan de Yzaguirre
66c47ccbf15396d597659567,ACoAABsGIC0BVKspBj6v6oDFuPKSVj5wFGuxEcw,DISTANCE_3,Data Engineer | Python | Pandas | AWS | Apache Airflow | Airbyte | SQL | MongoDB,Madrid,⚡José Alberto Montemayor González
66c47ccbf15396d597659568,ACoAABM6LtcBF5h5uX6ZOqxFNeN4m-5fs3yDKn4,DISTANCE_3,Backend Developer | HTML | CSS | MERN | MySQL | MongoDB | GIT | Java | Python,Calella,Berta Garcia Navarro
66c47ccbf15396d597659569,ACoAABIYPh8Bysm7fZTjUnKHnTP5VVHggVZk_70,DISTANCE_3,Data Analyst | SQL | Python | Tableau,Madrid,Cristian Castro Blua
66c47ccbf15396d59765956a,ACoAAD8a90ABFPwNIl7vqKqy5XFb8pvIhfxKAZ8,DISTANCE_3,Full Stack Developer | Angular | JavaScript | HTML | CSS | Node JS | MySql | MongoDB | TypeScript | GIT | Bootstrap | Abap,Madrid,Lucy Fernández Fernández
66c47ccbf15396d59765956b,ACoAACEsJCsB1fFDX7hiQRagY3tEdaFOLqoqs1w,DISTANCE_3,Data Scientist | Python | R | AI | Big Data | Deep Learning | Machine Learning | PySpark | Prompt Engineering | LLM,Torrejón de Ardoz,Alberto Fernandez Hernandez
66c47ccbf15396d59765956c,ACoAADXhL9kBc1btKFuoCO8nSMWFbOu1YvNL8Do,DISTANCE_3,"QA Tester - Full Stack web developer, Java, Selenium, Javascript (ES6), MongoDB, Express, React, NodeJS, HTML & CSS",Madrid,Jessica Fernandez assef
66c47ccbf15396d59765956d,ACoAABRlO9kBq1TsMU5FPwVzSnSmj4v_6QQSBV4,DISTANCE_3,Head of Data,Greater Madrid Metropolitan Area,Juan Manuel Ares Santibáñez
66c47ccbf15396d59765956e,ACoAABHSGswBJZWX-a8DllLuFkEW_NQ8bbeQWBA,DISTANCE_3,Full Stack Developer - Javascript ES6 | Node.js | React | MongoDB | HTML5 & CSS3 | Java,Greater Madrid Metropolitan Area,Iván López Ruiz
66c47ccbf15396d59765956f,ACoAAAdOEAMBo14TUAjaFluHjel07XuIL5vuk50,DISTANCE_3,"FullStack JavaScript Developer 👩🏻‍💻 - ES6, MongoDb, Express, React, Angular, Node.js, HTML5 & CSS3",Greater Madrid Metropolitan Area,Almudena Guerras
66c47ccbf15396d597659570,ACoAACZpANEBp0eZYOmroT3vzoprHYsTs87zuCM,DISTANCE_3,Data Engineer | Data Scientist,Madrid,Carmen Alonso Arcones
66c47ccbf15396d597659571,ACoAADRJiWABXgVKNTS73HxEJAw8mDS2uX-YvSQ,DISTANCE_3,Full Stack Engineer | NodeJS | Express | React | Angular | MongoDB | MySQL | PHP,Barcelona,Josep Romero Ros
66c47ccbf15396d597659572,ACoAACkc3fABn25qmpeiQzEnKTfTXblkTdkRlCU,DISTANCE_3,Fullstack Developer | Javascript | Angular | MySQL | MongoDB | GIT | Bootstrap,Spain,Vanessa Duque Rubio
66c47ccbf15396d597659573,ACoAABnuZ7kBnkN4PG6qyz3GcixtjEeKhAYKX68,DISTANCE_3,Industry Solutions @ MongoDB || MSc CS & Big Data @ UC3M,Madrid,Ramiro Pinto Prieto
66c47ccbf15396d597659574,ACoAADo8ePEBBvSYinvkzGb812cv0bQHCECZNSk,DISTANCE_3,Desarrollador Full Stack HTML | CSS | JAVASCRIPT | NODEJS | MONGODB | SQL | ANGULAR | REACT | PHP | SYMFONY,Mejorada del Campo,David Rodríguez Díaz
66c47ccbf15396d597659575,ACoAABbEO6MB3vOeIAFC44Qr39WteD2zsQ-oN88,DISTANCE_3,Full Stack Developer 💻 Javascript (ES6) | MongoDB | Express | React | NodeJS | HTML | CSS | Web3 | Solidity,Madrid,Arturo Vivar Jimenez
66c47ccbf15396d597659576,ACoAAAiTuZgB1nvhhgq0qkTYL1N9669sKeG8IBc,DISTANCE_3,Desarrollador Web Full Stack - Javascript (ES6) | MongoDB | HTML & CSS | ExpressJS | Postman | NodeJS | React | Bootstrap | Tailwind | Styled-Components,Greater Madrid Metropolitan Area,Eduardo Gamboa Rodríguez
66c47ccbf15396d597659577,ACoAACOBaHMBZ-mMZiAFGJIaiZ9S2tL8GZafk_E,DISTANCE_3,Full Stack Developer | JavaScript | MongoDB | Angular | React | Express Js | Node js | HTML | CSS | Bootstrap | GitHub,Móstoles,Jonatan Hernandez Erenas
66c47ccbf15396d597659578,ACoAAEJtjFkBlKVVW8p_MVviojLB2EghyGYccAE,DISTANCE_3,Jr Full Stack Developer | TypeScript | Node.js | React - Express | MongoDB,Madrid,Luis Navarro
66c47ccbf15396d597659579,ACoAADjgr_UB6cAlTHIZldwooeoof1rU3vKvQSg,DISTANCE_3,Desarrollador Full Stack | JavaScript | TypeScript | Angular | HTML | CSS | Java | MySQL | MongoDB,Madrid,Miguel Generoso Valero
66c47ccbf15396d59765957a,ACoAAD9jLnABefEztzMBIff3z231oxrkJjnVxdA,DISTANCE_3,Full Stack Developer | TypeScript | React | Redux / Flux | Angular | NodeJS | Express | Mongoose | MongoDB | Git | Jest | SonarCloud | HTML | CSS | Styled components | Sass | JS | CI / CD | Flutter | Dart,Madrid,Marcos Schernetzki
66c47ccbf15396d59765957b,ACoAACJ2e24Box0yc5E5LGLvjDM-5NrGFX6WIvM,DISTANCE_3,Full-stack web developer | JavaScript | NodeJS | ReactJS | TypeScript | Python | Flask | NoSQL | SQL | SCRUM | JEST | MongoDB | Mongoose | expressJS,Madrid,Ely Cruz Guerrero
66c47ccbf15396d59765957c,ACoAACEkfUYB3Z6gbkKPokpugJpX87HdkXCWjBE,DISTANCE_3,Front End Developer / Back End Developer | React | Redux | NodeJS | MongoDB | Typescript | Jest | Cypress | HTML | CSS | JS | SASS,Barcelona,Francesco Fabrissin
66c47ccbf15396d59765957d,ACoAABCqaKcBJyHNe6CfLA91V7QATs8CeFK0JHg,DISTANCE_3,Senior Data Engineer,Greater Madrid Metropolitan Area,🌐Gabriel Alfredo Redondo Suarez
66c47ccbf15396d59765957e,ACoAADk32IIBVs_TgEcJhE5Ps_IZVDsk5V01zYs,DISTANCE_3,Full Stack Developer | JavaScript | Java | MySQL | MongoDB | HTML5 & CSS3 | Bootstrap | Angular | NodeJS | ExpressJS | React | GIT,Madrid,Amalia Sánchez
66c47ccbf15396d59765957f,ACoAADkqFMQB4ePVs6WwgJRzmuUmbPZUxP3Xu7M,DISTANCE_3,Desarrollador Web Full Stack | JavaScript | React | MongoDB | Express | NodeJS | HTML5 | CSS3,Madrid,Francisco Javier Sánchez Gómez
66c47ccbf15396d597659580,ACoAACDF5u8BoeEPQzkBheJ_3qJqYy8obhdPBJw,DISTANCE_3,Frontend Developer,Madrid,violeta atkinson
66c47ccbf15396d597659581,ACoAAC2rqTgBD59a-wOyBgncMRmcCBMSSxUPfSA,DISTANCE_3,FullStack Developer Junior | Javascript | HTML | CSS | VueJs | MongoDB | Node.js | ExpressJs,Greater Las Palmas Metropolitan Area,Vanesa María Rodríguez Pérez
66c47ccbf15396d597659582,ACoAADF3LzgBsR2_nLhZnYCJ6KdcwZu80nml8uY,DISTANCE_3,Software Developer || Backend & Frontend || Database management,Greater Madrid Metropolitan Area,Andres Longueira Rengifo
66c47ccbf15396d597659583,ACoAAAMjogwBn-Qo4JLKcT1g5jYZ3CyjrDC8wMk,DISTANCE_3,"Data Analyst (Python, MongoDB, SQL, Web Scraping)",Madrid,Alejandro S. del Solo
66c47ccbf15396d597659584,ACoAACKsABYBbAxBIF7xHDpGrMCGFWnmb1t1nEU,DISTANCE_3,"backend team lead | Tecnologías: Nestjs, MariaDB, Sequelize, Junit,python, mongodb, cnn","Community of Madrid, Spain",Carlos Gutiérrez
66c47ccbf15396d597659585,ACoAAAI2mZgBPqkvHovAHFzEt75uqJpagLwXPyY,DISTANCE_3,Sr. Software Engineer @MongoDB. ICanFAANG founder. Associate professor at IE Business School,Madrid,Carlos Alonso
66c47ccbf15396d597659586,ACoAABfw8x0BMMsiadTyeQ0jlrLhXiVJo2hsoKc,DISTANCE_3,"Frontend Developer : HTML, CSS, React Js, Javascript , MongoDB, Express, & NodeJS.",Madrid,Virginia Majuelos Fernández
66c47ccbf15396d597659587,ACoAABd1t7ABt2IgMnvT1fh-iliZM-5j-0HXxus,DISTANCE_3,Full Stack Developer | Javascript - ES6 - Node.JS - Express - MongoDB - React - Redux - HTML5 & CCS3,Madrid,Alejandro Garcia Rodriguez
66c47ccbf15396d597659588,ACoAABUCYV0BXzixQLA15iSa4zDgxfZKeamgYxo,DISTANCE_3,Data Engineering & Data Analyst | Python | SQL | Pandas | PySpark | PowerBI | MongoDB | Tableau,Madrid,Luis Miguel Valverde Salazar
66c47ccbf15396d597659589,ACoAADcuzr8BuxUXqpqQpnogdM_Zj-Xa8nZtr8g,DISTANCE_3,Software Developer 💻 | React | Next JS | JavaScript | NodeJs | MongoDB | HTML | CSS,Spain,Óscar Sangrador
66c47ccbf15396d59765958a,ACoAABJJRWMB9WGVY1a6a7SQ10K8i21lmBEg1t0,DISTANCE_3,Junior Front End Developer | React | Angular | Java | JavaScript | HTML5 | CSS3 | Git | Node.JS | Express.JS | MongoDB,Madrid,Raquel Blázquez Estrada
66c47ccbf15396d59765958b,ACoAACQJFKQB8DoWRzxclKyE2K92wsKCq5MGp_c,DISTANCE_3,Junior FullStack Web Developer: Javascript | Node.js | Angular | TypeScript | MySQL | HTML5 | CSS3 | Bootstrap | SASS | Git | Python | MongoDB | React,Greater Madrid Metropolitan Area,Eduardo Augusto Avalos Palacios
66c47ccbf15396d59765958c,ACoAAByCyvQBDBIQgcjBnZKwHaFd8ykmttQq4iE,DISTANCE_3,Python | MongoDB | MySQL | Machine Learning and Data Analytics,Madrid,Diego Portocarrero
66c47ccbf15396d59765958d,ACoAAETMo-4BxFxJauFQg4cmZnn4b7_LKZjFvWQ,DISTANCE_3,Full Stack Developer | TypeScript | React | Redux / Flux | Angular | NodeJS | Express | Mongoose | MongoDB | Git | Jest | SonarCloud | HTML | CSS,Tres Cantos,Rodrigo Martín Cerón
66c47ccbf15396d59765958e,ACoAAAtu36MBlXCpSScCO951Qi-dJlpZmsaDkYc,DISTANCE_3,Data Analytics | Tableau · SQL · Python · Pandas · MongoDB · Machine Learning | Structural Engineer | Sustainaibility & Innovation,Madrid,Eva Arquero Jimenez
66c47ccbf15396d59765958f,ACoAAB-O41EBA3C3Re69urhfhKE8yiNwfxUdWu4,DISTANCE_3,Data analyst - Data Scientist | Python • SQL • MongoDB • Tableau • Machine Learning,Barcelona,Marc Calvente Lozano
66c47ccbf15396d597659590,ACoAAAN2vP8B_sQhOATc8q8Nw19rT0_-l1trp1g,DISTANCE_3,VP of Engineering,Madrid,Diego P.
66c47ccbf15396d597659591,ACoAADROxgwBDsVprwYWjYfefYG8-6bCNdQjPvU,DISTANCE_3,Full Stack Web Developer | JavaScript (ES6) | React | NodeJS | MongoDb | ExpressJS | HTML | CSS | Bilingual English-Spanish | International Trade and Customer Care background,Madrid,Pelayo Perez de Ayala
66c47ccbf15396d597659592,ACoAABxm3JcBk5GP5ZwdCVclMiXLXPgW_HyCgHo,DISTANCE_3,"Full Stack Developer - Javascript ES6, CSS, HTML5, MongoDB, Node.Js, Mongoose, Express, React",Coslada,Ovidiu Catalin Stanescu
66c47ccbf15396d597659593,ACoAADw4-tUBasRipCinfe5bP1zSlYezJ98g1G0,DISTANCE_3,FullStack developer Javascript ES6 | TypeScript | Python | MongoDB | SQL | NoSQL | Express | React.js | Next.js | Angular | Node.js | HTML5 | CSS | Docker | Postman | Material UI | Bootstrap,Madrid,Carlos Vallejo Bustamante
66c47ccbf15396d597659594,ACoAABvCbBkB_KTrNxl9l7Yo-m24cgAdU2fr7C0,DISTANCE_3,Data Analyst & Scientist,Madrid,Asier Orte Nieto
66c47ccbf15396d597659595,ACoAAAp29tQBX9ciBPfh23feLUB9Rk2UIP2xU8A,DISTANCE_3,Front End developer,Leganés,Héctor Fabio Giraldo Zuñiga
66c47ccbf15396d597659596,ACoAAAw8eScBF8RAIlrY7X2S3Jp20rKc55v_9iI,DISTANCE_3,Software Engineer,Greater Madrid Metropolitan Area,Alejandro De La Fuente Perdiguero
66c47ccbf15396d597659597,ACoAAEFiEB4BeW3J0kNBy45ClMFyWm7JT4iBNOE,DISTANCE_3,Junior Software Developer | Mobile Developer | Data Science | Python | Kotlin | Java | C# | C | ML | DL | SQL | MongoDB | Oracle | Always learning,Mollet del Vallès,Xavier Roca Pérez
66c47ccbf15396d597659598,ACoAAAtZwGUBiRBcnJm0X8Eo7oehtd6wOeb_lwc,DISTANCE_3,Full-Stack Developer: Javascript (ES6) | ReactJS | NodeJS | Java | Springboot | MySQL | MongoDB,Barcelona,Samantha Martins S. Camelo
66c47ccbf15396d597659599,ACoAACgNDoABVha6H2sKHyh-cdftTyfJ6p8V0Pk,DISTANCE_3,"Data Analyst - Python, Pandas, Numpy, MySQL, MongoDB",Madrid,Sergio Pérez Alamillo
66c47ccbf15396d59765959a,ACoAAB-0BBQBhE4Rm9_yOwu39u5etenq1CdgfVw,DISTANCE_3,Desarrollador Web Fullstack | Frontend Developer | Backend Developer | React | Nodejs | Firebase | Linux | Bash,Madrid,Samuel Berrus
66c47ccbf15396d59765959b,ACoAABD88hMByWUChf0DPDiRGupHDqIMEo5r3OY,DISTANCE_3,"Full Stack Developer - Javascript, Jquery, MongoDB, Express, React, Node.js, C#, SQL Server, Umbraco, Adobe, Contentful, ES6, HTML & CSS",Madrid,alberto gomez marin
66c47ccbf15396d59765959c,ACoAACedaOcBA3oHiEcO1r0RQIqOSaknabH1E_o,DISTANCE_3,Full stack developer | JavaScript | React js | Node.js | MongoDB | CSS | React Bootstrap | HTML5 | jQuery | Mongoose |,Madrid,Teresa Arranz Carrasco
66c47ccbf15396d59765959d,ACoAADlyp3sBr9RR3i_woFZOqypJqhWIZdtXfdg,DISTANCE_3,Junior Backend Developer | Java & Spring Boot | MySQL | MongoDB | Git | Postman,Barcelona,Yasmina Barbero Minguet
66c47ccbf15396d59765959e,ACoAACFnlKwBmKojiXpdprWsRTp0kjhu1HIXv0Y,DISTANCE_3,Data Scientist- Python | SQL | Pyspark | Databricks | Pandas | NumPy | Tableau | Power BI | MongoDB | Scala | Spark |,Madrid,Giotto Millan
66c47ccbf15396d59765959f,ACoAAC0-lTgBeAnfy867NaOcbOMBjewHFHxb4j8,DISTANCE_3,Data Engineer,Greater Madrid Metropolitan Area,Francisco Cruz
66c47ccbf15396d5976595a0,ACoAAC78CdYBCpRxfoJKW03ic33fPEVNm-fn224,DISTANCE_3,"Data Analyst - Python, SQL, MongoDB, Tableau, PowerBI, Machine Learning",Greater Madrid Metropolitan Area,Francisco Javier Garcia Escobar
66c47ccbf15396d5976595a1,ACoAACGHLtIBeIUsPz43FOZ3lbEKGoQTpje8Q80,DISTANCE_3,Desarrollador Senior Front-end | Angular 2+ | React | Typescript | HTML | CSS | Sass | JavaScript | NodeJS | NPM | Express | RxJS | Java | SQL | PostgresSQL | MongoDB | Mongoose | Sequelize |,Madrid,Diego Fernandez Hernando
66c47ccbf15396d5976595a2,ACoAADZLm_8BUvCdU0T1NmB98p5uz-LXKr5jHEU,DISTANCE_3,Full Stack Web Developer - Javascript (ES6) | MongoDB | Express | React | NodeJS | HTML & CSS,Getafe,Alexis Marquez de Eugenio
66c47ccbf15396d5976595a3,ACoAAEP3AAEB6mElKOLyxaPQkTDJ4ggLeJLzGvI,DISTANCE_3,Full Stack Developer & Data Analytics | MongoDB | Express | React | Node | JavaScript | TypeScript | Python | Git | MySQL | IA,Segovia,Sergio Esteban De Andrés
66c47ccbf15396d5976595a4,ACoAACdlBtcB9m3U6_bnkyuJZUHCjii-b7O_KBc,DISTANCE_3,Desarrollador de Software @ Aszendit ( #Node.js | #NestJS | #Docker | #MSSQL | #MongoDB ),Greater Madrid Metropolitan Area,Dragos Constantin Butnariu
66c47ccbf15396d5976595a5,ACoAAASc0z0B0E7pYPh1IiVSrcHdWHJhng_Ahcw,DISTANCE_3,Big Data Engineer,Spain,Marina Victoria Pérez-Bustamante Yábar
66c47ccbf15396d5976595a6,ACoAAAqRwLMB6YJiemHMb0t22KW9-nhroeF5NzE,DISTANCE_3,Senior backend developer,Getafe,David Encinas Rechina
66c47ccbf15396d5976595a7,ACoAAAPSkjcBZomQweSaWoSPlsdZgRTj8B7mW90,DISTANCE_3,Fullstack developer,Greater Madrid Metropolitan Area,Jorge L.
66c47ccbf15396d5976595a8,ACoAADL9ATEBLU5LtBA8l_yi_HWVCUPSBeMbFsc,DISTANCE_3,Data Scientist at PwC Deals | Big Data | IA,Madrid,Beatriz Román Carrascosa
66c47ccbf15396d5976595a9,ACoAABwBFKABEo9f2dilvEB3ptV1SCTzxA8aVY8,DISTANCE_3,Full Stack | Web Developer | JavaScript | ReactJS | Express | API REST | MongoDB | NodeJS | Python | SQL | HTML | CSS | SASS | Bootstrap | Git,Madrid,Gurgen Baghdasaryan
66c47ccbf15396d5976595aa,ACoAADlACzEBuqP5gSkvSaoOXjJ5sGKm201Yzd8,DISTANCE_3,Frontend Developer | Backend Developer ||| HTML | CSS | SCSS | ReactJS | Jest | Redux | NodeJs | MongoDB | TypeScript | ExpressJs | NPM | Postman | Sonarcloud | Git | GitHub | APIREST | Bootstrap 5 | CI | CD | webpack,Madrid,Roberto Sandoval
66c47ccbf15396d5976595ab,ACoAAB9m1zAB-wlFrTRFujKxml8bHSs8jxYJwOo,DISTANCE_3,Software developer,Madrid,Beltrán Carreras Rodríguez
66c47ccbf15396d5976595ac,ACoAAAQly9YB_ueSnYhTuBqV6hUAV7qMRDXwkQA,DISTANCE_3,"Fullstack Developer | HTML, CSS, JavaScript, MongoDB, ReactJs, NodeJs, API, Redux, Socket.io, Docker, Angular",Alcalá de Henares,Paolo Fedeli
66c47ccbf15396d5976595ad,ACoAAClJscUBvnLle8Th_B-5w_tY0BY1EWa2m1M,DISTANCE_3,Full Stack Web Developer: Javascript - React js - Node js - Express js - API REST - MongoDB - SQL - HTML5 - CSS3,Madrid,Silvia López Castilla
66c47ccbf15396d5976595ae,ACoAAA0hxnIBXtEmOygWn77txst6Z_TD1nfQbTg,DISTANCE_3,Software Engineer,Torrejón de Ardoz,Ovidiu David Dan
66c47ccbf15396d5976595af,ACoAAAGZ9qUBamI1pNOnle_x5utwP3naX_eFi4Y,DISTANCE_3,"Senior Developer Node.js, PHP, MongoDB, Elasticsearch, MySQL, Redis, Objective-C, Android, AngularJS, React Native, Flutter",Greater Madrid Metropolitan Area,Sergio Rodríguez Marina
66c47ccbf15396d5976595b0,ACoAABlDjYIBj-U4EoMHIX68dMGE51MEQkLHgaE,DISTANCE_3,Backend lead,Greater Madrid Metropolitan Area,Fernando Martinez
66c47ccbf15396d5976595b1,ACoAAC1HecEBTYVyDIzy3NTX1aw4Vm2pxthR8Og,DISTANCE_3,Full Stack Developer,Cervelló,Oriol Paricio Valles
66c47ccbf15396d5976595b2,ACoAACloSfkBv8-RVXWclxHvmTTqdN-JwdGOGn0,DISTANCE_3,Data Management and Strategy,Greater Madrid Metropolitan Area,Diego López-Puertas Ramoneda
66c47ccbf15396d5976595b3,ACoAACF5Yg4B0bWRGym4e7kgKlAN-ZT0Xllbddk,DISTANCE_3,Senior Software Developer,Madrid,Guillermo Pastor Ruano
66c47ccbf15396d5976595b4,ACoAAA4C7B0BowsLY8iTRB5bQUEkzLcp9vPxJm4,DISTANCE_3,Senior Backend Developer,Madrid,Eduardo Galán Herrero
66c47ccbf15396d5976595b5,ACoAACTn8nABQYRg9JJ6Dh5bwgQUbjmehppmwB8,DISTANCE_3,Helping organizations unlock the power of Data,Barcelona,Santiago Del Campo
66c47ccbf15396d5976595b6,ACoAACHmHzIBYMWDHjRRQ3mxGIGGh-HhplePMj0,DISTANCE_3,Software Developer JAVA/SPRING BOOT | AWS CLOUD | MICROSERVICE | ANGULAR | JAVASCRIPT | SQL(oracle/mysql) / NOSQL(MongoDb) 🖥️,Madrid,David Chenliang Lu
66c47ccbf15396d5976595b7,ACoAACu1Y4UBHueBCyD_h86cMQwgfm14UswYm5s,DISTANCE_3,Software engineer | HTML | CSS | JavaScript | ReactJS | React Native | NodeJS | MongoDB | Express,Greater Barcelona Metropolitan Area,Alex Castro
66c47ccbf15396d5976595b8,ACoAAAb2u7IBb65hEmmfyRNPcrVZR9KAZ2hoxQo,DISTANCE_3,"Junior Frontend Developer | JavaScript & React | HTML5 & CSS3 (SASS ) | Python & FastApi, Node.JS & Express, SQL, MongoDB | Git & GitHub | Agile & Scrum",Greater Madrid Metropolitan Area,Natalia Blanco Outeiral
66c47ccbf15396d5976595b9,ACoAADP57RABmHqUL9ZSOq63uxMl5y33-4nioZ4,DISTANCE_3,"Full Stack Developer - Javascript (ES6), TypeScript, MongoDB, Express, React, Vue, NodeJS, HTML & CSS",Badalona,Daniel Milán Vera
66c47ccbf15396d5976595ba,ACoAAECKpB8BMJ89bqIRuxqj_ZnRBSR3xSaXguw,DISTANCE_3,Data Analyst | Java | Python | Pandas | MongoDB | SQL | Machine Learning | Tableau |,Granada,Fernando Amaya
66c47ccbf15396d5976595bb,ACoAAANKz7IBMEGbihUJGPt9Y4__s3zVW6kkB6I,DISTANCE_3,Head of Development & Data,Greater Madrid Metropolitan Area,David Gesto
66c47ccbf15396d5976595bc,ACoAABBVTFcBK5yO_xbanJbN_lJk-yidKP0jNpY,DISTANCE_3,Frontend Developer,Greater Madrid Metropolitan Area,Alba Huertas Domínguez
66c47ccbf15396d5976595bd,ACoAAAFE9YQBiUnyVLkapnGRP7p--Y9p2we_1o0,DISTANCE_3,"Hands-On CTO (Python, React, NodeJS, ExpressJS, MongoDB, JS, CSS, GCP, AWS) | Gen AI Expert (Google Gemini & Azure OpenAI) | AI Professor | MBA, PhD in AI",Madrid,Felipe Calderero
66c47ccbf15396d5976595be,ACoAABsuqQoBR71ib2O7I16YPCAh8gQJysYigC0,DISTANCE_3,Full Stack Developer - Express | React | JavaScript | HTML5 | CSS3 | PostgreSQL | MongoDB,Greater Madrid Metropolitan Area,Paola Gutiérrez López
66c47ccbf15396d5976595bf,ACoAACTUQoQB7OfG80arw5Vic9n7FEcd6YSE2Wc,DISTANCE_3,Software Engineer at Google,Madrid,Olga Salas Sancho
66c47ccbf15396d5976595c0,ACoAAAGsgi8BXhpBzD_IMLsoNzq0ZI4YmbjVIA0,DISTANCE_3,Full Stack Developer | HTML5 | CSS3 | SCSS | ReactJS | Redux | Next JS | Javascript | Typescript | Git | NodeJS | MySQL | MongoDB | Java | ELM | Rescript | Functional Programming,Barcelona,Igor Luzarraga
66c47ccbf15396d5976595c1,ACoAACSWr58B8dGt5f2Q16yjU7iXkpU7mAg_zXE,DISTANCE_3,"💻 Backend Developer = { Springboot, Java, SQL, BitBucket, microservicios, Openshift, Javascript, MongoDB, Express, React, NodeJS, HTML, CSS, Git, Github, TeamCity} ⌨",Madrid,Rafael Manuel Sánchez Villanueva
66c47ccbf15396d5976595c2,ACoAAAhBeXsB3rP0LOV0zNLKycWU7ZcOGuga5NA,DISTANCE_3,Chief Technology Officer,Greater Madrid Metropolitan Area,Aitor Ibaceta
66c47ccbf15396d5976595c3,ACoAAAG11zMBV9P0jvhE3_nvr_GIeNrWmivlXKk,DISTANCE_3,Chief Technology Officer,Greater Madrid Metropolitan Area,Rubén Resino Domínguez
66c47ccbf15396d5976595c4,ACoAAAgDtyYB309hw4SKCgsxFs9R1tQ1HBiGobU,DISTANCE_3,Developer | JavaScript | TypeScript | Express | Next | Nest | Node | React | Svelte | MySQL | MongoDB | CSS | HTML | GraphQL | Git | TensorFlow | Rest | Docker | Kubernetes | TailWind | Vitest | Jenkins | AWS,Barcelona,Rishi Daryanani
66c47ccbf15396d5976595c5,ACoAAAGCQOABC-s0RsZsPbPtw06eugyXwVmPmcI,DISTANCE_3,Chief Technology Officer,Barcelona,Ignacio Lago
66c47ccbf15396d5976595c6,ACoAAAb8Ty8BVZ-c8Js49NCxJZ62-s1xBE8gksk,DISTANCE_3,Head of Engineering,Madrid,Jorge Garcia Dominguez
66c47ccbf15396d5976595c7,ACoAABj7r1oBYCSK3CPRqH6RWiUZeJtgyhgY39A,DISTANCE_3,3x GCP | 4x Azure | Data Engineer | Cloud | DevOps | MongoDB | .NET <C#>,Greater Madrid Metropolitan Area,Gabriel Montero Montes
66c47ccbf15396d5976595c8,ACoAABS7BzsBAzcH0JccNLuMlfc1QZShHnp-SIE,DISTANCE_3,Data Analyst || BigQuery || Python || SQL || R || Lookerstudio || Tableau,Madrid,Francisco José B.
66c47ccbf15396d5976595c9,ACoAAAIluTsBGJA0ndKTvavEb7nylhhH1pE_3nU,DISTANCE_3,Developer Advocate at MongoDB,Greater Sevilla Metropolitan Area,Diego Freniche Brito
66c47ccbf15396d5976595ca,ACoAACQ4KncBxJPa4Dl_bPz987j-Jt0FiePNZIg,DISTANCE_3,"Web Full Stack and C Developer. React, Javascript ES6, MongoDB, Node-js, Express, HTML, CSS.",Greater Madrid Metropolitan Area,GONZALO MARTIN CANO
66c47ccbf15396d5976595cb,ACoAAAVJGAsBbADzsdnc9SMH36AEBOnsfylC8uY,DISTANCE_3,Full Stack Developer | JS | TypeScript | MongoDB | Express.js | React.js & Vue.js | Node.js | Docker | Kubernetes,Madrid,Raúl Mora Marín
66c47ccbf15396d5976595cc,ACoAAByikJMBDpiQsPQMTsnrcKhjUDZ4r48Bw9k,DISTANCE_3,"Backend Developer - Javascript (ES6), Python, NodeJS, MongoDB, Express, React, HTML & CSS, Agile",Madrid,Daniel Villacañas Sanchez
66c47ccbf15396d5976595cd,ACoAABGwd5UBWC_IYtTpVrRVjy01YbOeKaeMyzQ,DISTANCE_3,☁️ Salesforce Admin Jr 👨‍💻 Salesforce | sObject | Flows | Talend | JavaScript | React.js | Node.js | Express.js | MongoDB | CSS | HTML | Git & GitHub | ...and Biology researcher too!,Madrid,Carlos Perruca Parrado
66c47ccbf15396d5976595ce,ACoAAC7ZuegByk7ODuLKkEge5rgWTZLVcBWiRXA,DISTANCE_3,Higher Technician in Multi-Platform Applications Development | Java | Android | MongoDB,Greater Madrid Metropolitan Area,Julio de Blas
66c47ccbf15396d5976595cf,ACoAACDe3GkBv2dqMeqwyhq2bOBz7W_jQGL00qM,DISTANCE_3,Front End Developer · Angular| React| JavaScript| TypeScript | MongoDB| MySQL| Express | HTML5 | CSS3,Madrid,Nidian M.
66c47ccbf15396d5976595d0,ACoAACnFHV0BWbRW5qtcJtrY3r6V35SRzteXcLE,DISTANCE_3,Software Developer,Greater Madrid Metropolitan Area,Alberto García Taravillo
66c47ccbf15396d5976595d1,ACoAADRtswYBW9UBmNpZBg4ih5upb_Vt1Et4v8U,DISTANCE_3,"🧑‍💻 Software Engineer 💻| JAVA | JAVASCRIPT | REACT | EXPRESS | MONGODB | MYSQL | SELENIUM | CYPRESS🧑‍💻 Madrid, España",Madrid,Wolfgang Nylander Tabares
66c47ccbf15396d5976595d2,ACoAAAIi4xsBGI3ClG1dJYM4PTLq7ZVIeG7uN4M,DISTANCE_3,FrontEnd Developer & Senior Designer | JavaScript (ES6) | React | NodeJS | Express | MongoDB | Tailwind | Bootstrap,Greater Madrid Metropolitan Area,Carlos Delgado
66c47ccbf15396d5976595d3,ACoAABp6BN0BDu-u6XVi78TLAdbOt7NHFMpmmHs,DISTANCE_3,Data Analyst - Linux - PySpark - Spark - Scala - Cloudera - Python - SQL - MongoDB- PowerBI - Tableau- Machine Learning,San Sebastián de los Reyes,SERGIO SUAREZ CHECA
66c47ccbf15396d5976595d4,ACoAAANwskUBGS-y_VH-NqwFGy2QgXzehwl8AMY,DISTANCE_3,CTO,Madrid,Alejandro Gómez Rodríguez
66c47ccbf15396d5976595d5,ACoAACmIxJsBWnZ675U0Z0rYh-8d-HuneWg30Bc,DISTANCE_3,Full Stack Web Dev - JavaScript (ES6)| React | React-Native | NextJs | Nodejs | ExpressJs | HTML | CSS | Git | GitHUB | Mern | MongoDB,Greater Madrid Metropolitan Area,Juan Antonio Caballero Ramos
66c47ccbf15396d5976595d6,ACoAADFBH48B_vdj4pu2DaGcjTCTX-CKpTRLUQ4,DISTANCE_3,"Desarrollador Backend Jr || Spring Framework, Spring Boot, Java, MySQL, MongoDB.",Calafell,Ismael Llopart
66c47ccbf15396d5976595d7,ACoAABivMEcBKzG677UtT6_eeq_Hm7JKCUPkTkU,DISTANCE_3,Technical Program Manager at MongoDB,Barcelona,Vinicius Lage
66c47ccbf15396d5976595d8,ACoAABOYJdkB54NMg-YvJXQAXzVgC-T3Sapgyq8,DISTANCE_3,Full Stack Engineer at Secture,Madrid,Raluca Andreea Dana
66c47ccbf15396d5976595d9,ACoAAAvFQdIBbMdvZn-lr6OFUxt6YmoO8guWgqI,DISTANCE_3,"Full Stack Developer - Javascript | React, Angular, Node, MongoDB, Express | HTML5 & CSS3",Madrid,Miguel S.
66c47ccbf15396d5976595da,ACoAAC5jsJ8BYknOoYgxtQoA8iydFxH6mJBRKmw,DISTANCE_3,Java Back-End Developer | DevOps | SRE | Google Cloud | AWS | Spring Boot | Microservices | Kubernetes | Docker | Jenkins | Terraform | Linux | JavaScript | React | Node | SQL | MongoDB |,Madrid,Henrry Vargas
66c47ccbf15396d5976595db,ACoAAEaFEo8BxvQXBjcHYtrx1V0BVhoog0wjOY8,DISTANCE_3,Full Stack Developer | Angular | NodeJS | C# | .NET | MySQL | MongoDB | Blazor | HTML5 | CSS3,Madrid,Fabio Alejandre de la Rocha
66c47ccbf15396d5976595dc,ACoAACiAFYABlBIGEsyyixqiA8uvP0qUzaNkMog,DISTANCE_3,"MERN Frontend- Developer: Javascript, ES6, Node.js, Express, MongoDB, CSS, HTML, React, AngularJS, Angular 13",Greater Madrid Metropolitan Area,Elvira Mª Gómez Cobos
66c47ccbf15396d5976595dd,ACoAACQGzL4BY3yW9DiOMnGDCoFYfQfAhcYphCc,DISTANCE_3,FullStack Developer | HTML | CSS | JavaScript (ES6) | React | Express.js | Node.js | MongoDB | Axios | Bootstrap,Fuenlabrada,Pablo Luis Villalba Casado
66c47ccbf15396d5976595de,ACoAADlmNFYBPq1jx2XT0N8bhwidGdK33Jnh_88,DISTANCE_3,Backend developer,Madrid,Roland Visan
66c47ccbf15396d5976595df,ACoAADQeKMsBKAZin2LBqmUKDBgdyt9jIDZt88Q,DISTANCE_3,"Developer FullStack (Html, CSS, JavaScript, Vue, Nodejs, MongoDB, MySQL...)💙",Madrid,Anny Karolina Sánchez Rodríguez
66c47ccbf15396d5976595e0,ACoAAA5UgFUBSKSMFbdAGTlzR-xtkCZISbtyuLs,DISTANCE_3,QA Engineer,Greater Madrid Metropolitan Area,Eduardo Cano Abad
66c47ccbf15396d5976595e1,ACoAABgW7oYBpM50Go1-1PiziSd8KT_gqkYYs_I,DISTANCE_3,"Full Stack Developer - Javascript, .NET, MongoDB, SQL, Angular, React, Node.js, Express, ES6, HTML & CSS",Greater Madrid Metropolitan Area,Pedro Piury
66c47ccbf15396d5976595e2,ACoAAC-ZJ1oBPe2WdFTVXinBdj_caRkDfRv_PEA,DISTANCE_3,JavaScript Fullstack Wizard ✨ Creating Magic with NodeJS | Express | MongoDB | Rest API | TypeScript | React | Testing,Barcelona,Irina Semichasova
66c47ccbf15396d5976595e3,ACoAABsJ5XgB3g35nRVGE3UO5ZI6gIKo7P3ul4E,DISTANCE_3,Desarrollador Web full stack,Greater Madrid Metropolitan Area,Carlos G.
66c47ccbf15396d5976595e4,ACoAABlOyfcB5yM22gNnDrRQHk798Qij6-CRdvg,DISTANCE_3,Data Scientist,Greater Madrid Metropolitan Area,Amadou Ndiaye
66c47ccbf15396d5976595e5,ACoAACATnbcBDk9ttQYuk93Ev-hS2YQGQMgOyIA,DISTANCE_3,Full Stack Developer | JavaScript | MongoDB | Angular | Express Js | Node js | HTML | CSS | Bootstrap | GitHub,Greater Madrid Metropolitan Area,Raúl Ruiz Bolivar
66c47ccbf15396d5976595e6,ACoAAA39O80BQ3X0W_55ToYOBPACa49MZ0VhkTo,DISTANCE_3,Software Engineer,Greater Madrid Metropolitan Area,Iñaki Moneo Arau
66c47ccbf15396d5976595e7,ACoAABrHxMkBDZ8YAyMvmjVBuv4Gu9f6gbaa_3M,DISTANCE_3,Python Senior Backend Developer,San Fernando de Henares,Julian Diez
66c47ccbf15396d5976595e8,ACoAABYzV-8BzHmbXj80eCUaYjRu634d6djClO4,DISTANCE_3,Web Developer | HTML | CSS | Javascript (ES6) | TypeScript | Angular | Node | SQL | MongoDb | English,Madrid,Eduardo González Seco
66c47ccbf15396d5976595e9,ACoAADefF3IBeriKyTX2fbVG6DFkT1Cy_hvBCus,DISTANCE_3,Full Stack Developer 🌐 Java | Javascript (ES6) | Python | GO/Golang | MongoDB | NodeJS | Express | React | Vue | HTML & CSS | Bootstrap & Quasar | Git & GitHub,Madrid,Mario Díaz Luis
66c47ccbf15396d5976595ea,ACoAABrQRroBdwoHQ9oIUZI4GUi8Ela_qK3xA1Q,DISTANCE_3,"Full Stack Developer - Javascript, Typescript, React, MongoDB, Express, Node.js, React Native, ES6",Madrid,Esther Vega Marcos
66c47ccbf15396d5976595eb,ACoAAETL9gABP0S_qmA8UKy94WB9YhiwDB7ASS4,DISTANCE_3,Full Stack Developer React | JavaScript | NodeJS | Java | SpringBoot | PHP | Laravel | Vite | Angular | HTML | CSS | Tailwind CSS | MySql | MongoDB,Barcelona,Maximiliano Liria
66c47ccbf15396d5976595ec,ACoAAC8zQ4kB9SgcFMM_EgPVFcApmrNiIdcgR9A,DISTANCE_3,Backend Developer,Madrid,Hector Tubilleja Merino
66c47ccbf15396d5976595ed,ACoAACR8M6oB7m9Ajfraqp8IqfnylQwh7iICNRE,DISTANCE_3,QA Engineer,Greater Madrid Metropolitan Area,Jorge Alonso Gutiérrez
66c47ccbf15396d5976595ee,ACoAAB7UnJkBMHkwvadEYFEUCpQ49tiwWatC-ZU,DISTANCE_3,"Full-stack Developer - Javascript, MongoDB, Express, React, Node.js, ES6, HTML & CSS",Madrid,Alejandro Sánchez Zaragoza
66c47ccbf15396d5976595ef,ACoAACsDEB0B_QSuXTONxp4oeBZtmIcTZer-paA,DISTANCE_3,Full stack developer | React - Testing library - Jest - Git - Node.js - Express - MongoDB - AWS - Firebase - Javascript - CMS,Madrid,José Luis Valderrama Regueira
66c47ccbf15396d5976595f0,ACoAAAlQkUMBtAwZbjspyZQF1m3GVue3XjHtqlg,DISTANCE_3,Full Stack Developer,Getafe,Adrián Mª Mora Carreto
66c47ccbf15396d5976595f1,ACoAADDiONIB1KyveBSyY0_C2QfSqFhsXJOJFBo,DISTANCE_3,Cybersecurity Analyst,Madrid,Adrián Armesto García
66c47ccbf15396d5976595f2,ACoAAA3_ZA8BP8_XCqR59PNdRS5nXte4WHygoGg,DISTANCE_3,Data Analytics | Business Analyst | Ironhack · Python · Pandas · MongoDB · SQL · Machine Learning | Ex-Deloitte,Greater Madrid Metropolitan Area,María Delás
66c47ccbf15396d5976595f3,ACoAAAHrP_MBxazTpyO5cFwgP1dK5PELS7mC4p8,DISTANCE_3,Senior Software Engineer | Node.js | Express | SQL | MongoDB | OpenAPI | TypeScript | Docker | AWS | Bash | DevSecOps | Vue.js | React | 🇪🇸 🇦🇺,Madrid,Esteban (Steven) De Salas
66c47ccbf15396d5976595f4,ACoAACqMxKIBnxdnJ8a_Jsg5VnRZOy10Ekzs_GM,DISTANCE_3,Data Analyst / Finances,Greater Madrid Metropolitan Area,Alejandro Suárez Baranda
66c47ccbf15396d5976595f5,ACoAACn179sBzmzsEr9zlrryA3R_SsdF1_D6CXM,DISTANCE_3,Data Engineer,Greater Madrid Metropolitan Area,Roberto Aldean
66c47ccbf15396d5976595f6,ACoAABkJ2QsBfkB_Vd4VwbSn1YK3ifsnFk6f0uY,DISTANCE_3,Full-Stack Junior Developer - Vue | Nuxt | React | Express.JS | MongoDB | Node.Js | Java | PHP | SQL | SCSS | Python | Js,Spain,Angel Samuel Muela Bustamante
66c47ccbf15396d5976595f7,ACoAAAJOcIUBnNn4PTmJykAb2llXJgaY_K_Z83c,DISTANCE_3,Senior Software Engineer,Madrid,Martín Pielvitori
66c47ccbf15396d5976595f8,ACoAADt70ZYBNzGFmp8OcSS7hLPDQ3WfCvpeH6k,DISTANCE_3,"Full Stack Developer - Javascript (ES6), MongoDB, Express, React, NodeJS, HTML & CSS",Madrid,Giovanni Takeshi Sesta
66c47ccbf15396d5976595f9,ACoAAAeq5RkBmLUsXkK20ZwMnNX7eXQ_ybO7zG4,DISTANCE_3,Senior Software Engineer,Spain,Gonzalo Carbajosa
66c47ccbf15396d5976595fa,ACoAADsCEdoBo5NxfNw_BV9NoqtCamTLoiDWnIs,DISTANCE_3,Data Scientist & Data Engineer | Backend Developer,Madrid,Pedro Sebastian Degaudenci
66c47ccbf15396d5976595fb,ACoAABnowZAB_PmE25iwlTHYA8fPNb7qGLF2P5A,DISTANCE_3,"Data Analyst Consultan -Adobe Data Collection, Target, Analytics | Full Stack Developer - Javascript (ES6), MongoDB, Express, React, NodeJS, HTML & CSS",Madrid,Cristian Calderón
66c47ccbf15396d5976595fc,ACoAAAa9m98BVl5um2g14grbJzE2rmr7eF5u-pk,DISTANCE_3,Senior Backend Engineer,Greater Madrid Metropolitan Area,Miguel García Rubín
66c47ccbf15396d5976595fd,ACoAAA3OO2UBk09MZ_Dgw0xliT0UHFbdYmDXHp4,DISTANCE_3,Backend developer | Python | FastAPI | AWS | AI | Code Manager | Solutions Builder | How it works?,Greater Madrid Metropolitan Area,Daniel García Élez
66c47ccbf15396d5976595fe,ACoAAA9lagkB-TnEOluxrz87Y_zmAcIo0-Fa3HE,DISTANCE_3,Data Engineer,Greater Madrid Metropolitan Area,Guillermo Manglano Diaz
66c47ccbf15396d5976595ff,ACoAAB95grQBAF5QypKKVvpPOSi-IKv_ZcAPdp4,DISTANCE_3,Data engineer,Greater Madrid Metropolitan Area,Maite Conde Palacio
66c47ccbf15396d597659600,ACoAACARTZUBLrFGxIceSQiL3bPnJlGkTLFKWnk,DISTANCE_3,Senior Frontend Developer,Madrid,Dani de la Cámara España
66c47ccbf15396d597659601,ACoAACDlPUkBmCLQEFr14FgAqTvyRfL919rFjEA,DISTANCE_3,Senior Software Engineer,Greater Madrid Metropolitan Area,Mario Torres Moya
66c47ccbf15396d597659602,ACoAACSBF9MB2nZtksgMQJ992lFSoDo3iWefR6w,DISTANCE_3,Desarrollador Frontend,Madrid,Manuel G.
66c47ccbf15396d597659603,ACoAADwJVFUBTWexEGVhaAy5KbJLpj_YqcM-Bw8,DISTANCE_3,Desarrollador Fullstack,Leganés,Pedro Hernández Rodríguez
66c47ccbf15396d597659604,ACoAAAxLjFkBH0jY-iwJsJlbbGepCLzPeJ_TuHE,DISTANCE_3,Full Stack Senior Developer,Madrid,Daniel Veredas Rubio
66c47ccbf15396d597659605,ACoAAC4GgzMBhsVENNd5BxxdwJeyUKVKwSeQ1M4,DISTANCE_3,Backend Java Developer | Spring | MySQL | MongoDB,Argentona,Pau S.
66c47ccbf15396d597659606,ACoAAB4mpq8BFIaciXHiWWZ4l9DkZus0IWOGtC0,DISTANCE_3,Full Stack Developer = [Angular I REACT I Javascript I HTML I CSS/SCSS I NodeJS I MongoDB I MySql I PHP ];,San Sebastián de los Reyes,Javier Núñez Sánchez
66c47ccbf15396d597659607,ACoAAB1-cEEBb8fpkobQIz49ynODL1Vm5Jfx0i4,DISTANCE_3,Full Stack Web Developer | JAVASCRIPT (ES6) | Vue | ExpressJs | NodeJs | Angular | MongoDb | API Rest,Getafe,Jorge García Campesino
66c47ccbf15396d597659608,ACoAAAFuBjcB6FO-tpBuqg7rtboEVPoVa2VInCc,DISTANCE_3,Software Developer,Madrid,Fernando Alfaro
66c47ccbf15396d597659609,ACoAACPxBucBr6dPSoS-Ye8fr2wFxqOQNLpLnKw,DISTANCE_3,"Backend Developer @ EY | Java, Springboot, PostgreSQL",Madrid,Miguel Muñoz Estellés
66c47ccbf15396d59765960a,ACoAADyXf_QBYi-n_S0djgBFwGMwByzMWIM1mFc,DISTANCE_3,Web Developer FullStack || JavaScript | NodeJS | ExpressJS | MongoDB | ReactJS | Sass | Laravel | Boostsrap | Ionic | ReactNative,Barcelona,Natalia Garcia
66c47ccbf15396d59765960b,ACoAABlNE1YBirNaJba8BAvycs7AaLY2DphwEoY,DISTANCE_3,Head Software Engineer,Madrid,Jose Juan Saez Lopez
66c47ccbf15396d59765960c,ACoAAEKZ6ckBG-sBdtIe5WWtCOlpt8XT-WFPeWA,DISTANCE_3,Frontend developer | Odoo | Magento,Ourense,Manuel Garcia
66c47ccbf15396d59765960d,ACoAAD79FdgBgRqjitzCl7PGBzl5KqKyo6s_C_8,DISTANCE_3,Desarrollador Full Stack Junior | Web | React | Nodejs | Redux | Express | Javascript | Mobile | React Native | MongoDB | Axios | Git | Fullstack Developer,Spain,ramiro alvarez abelleira
66c47ccbf15396d59765960e,ACoAABx4uMsBtWMX6Q4MUEb5W-tR9HxdkVR4ZCI,DISTANCE_3,"Full Stack Developer - Javascript (ES6), MongoDB, Express, React, NodeJS, Java, Vue.js, HTML & CSS",Loeches,Carolina Arlone López
66c47ccbf15396d59765960f,ACoAACSVm-QBa0hOaXCs1WsmRVzgtevf_D7GMiI,DISTANCE_3,Desarrollador Full Stack | React JS | Next.js | Javascript | HTML | CSS | Tailwind | MongoDB | Postgres | Node.js | Express | Typescript,Barcelona,Gaspar Moncivaez
66c47ccbf15396d597659610,ACoAAEUEyHUBYLcfJFr0rdO_fdHJcwWbTXZJhzs,DISTANCE_3,Developer Full Stack | Ciberseguridad | TypeScript | JavaScript | Node.js | Express | MongoDB,Greater Madrid Metropolitan Area,Jean Carlos Perez
66c47ccbf15396d597659611,ACoAAAFyVToBOzY1t-vqzAF4IotwtbK3zq2RcIM,DISTANCE_3,Leading Digital Transformation,Greater Madrid Metropolitan Area,Angel Rey
66c47ccbf15396d597659612,ACoAADwbm7gBI8FoNGSR-9MI7d_CH5phBB1RhbI,DISTANCE_3,Full Stack Developer • Javascript • TypeScript • Node.js • Express.js • MongoDB • React • Tailwind • Material UI • php • Software Developer #fullstackdeveloper,Granada,Alvaro Alonso Irurita Contreras
66c47ccbf15396d597659613,ACoAABxKKMQBEv1Wb4N1vWag0bFwBTV7q8NJ7II,DISTANCE_3,Full Stack Technical Lead Developer at DIA Group | NodeJs · VueJs · GoLang · Java · MongoDB · Express ·,Madrid,Jesús Jimenez Vaquero
66c47ccbf15396d597659614,ACoAAA6FbgkBnUVAwHOqtxT50rY1-O_-e3Hv7TY,DISTANCE_3,Full Stack Developer | JavaScript ES6 | React | Node.js | MongoDB | Express.js | Bootstrap | HTML5 & CSS3,Greater Madrid Metropolitan Area,Laura Sánchez López
66c47ccbf15396d597659615,ACoAABINP2IBYUMRNjfnDeNRGSUJw3quvcFj7UM,DISTANCE_3,Software Engineering Intern @ MongoDB,Balaguer,Pau Baldillou Salse
66c47ccbf15396d597659616,ACoAADZn5kwBxLrbu2hgCX6mpmeHYa_KqDMCV0M,DISTANCE_3,Software Developer | Angular | NodeJS | Express | JavaScript | AWS | Ionic | React | MongoDB | Firebase | SQL | Python | VueJS,Madrid,André Oscco
66c47ccbf15396d597659617,ACoAACrB3K4BE19Iky-mtAueinHF-oSC8wF6QN0,DISTANCE_3,"Front End Developer | React, TypeScript, MongoDB , Express, Node.js, HTML & CSS",Madrid,Gustavo del Llano Villarroel
66c47ccbf15396d597659618,ACoAAAnczdIB5UetBftjurRB1DrtktGdg65F4Lk,DISTANCE_3,Desarrollador Full Stack,Madrid,Andrés Raúl Mateo Martínez
66c47ccbf15396d597659619,ACoAABFhs5YBpCg6gXA8_inkXW5Qpv98P4SlynQ,DISTANCE_3,Data Scientist | Economist,Madrid,Esteban Galli Pignatta
66c47ccbf15396d59765961a,ACoAAD2p9AwB_7FICNX7d-saABa_kaILCir6r_Y,DISTANCE_3,Full Stack Developer | Javascript | Angular | MongoDB | Express | Node.js |MongoDB | MySQL | GitHub | CSS | Bootstrap,Móstoles,Soraya Ramos Esteban
66c47ccbf15396d59765961b,ACoAADDfHCoBffyTFddYPUVEZjF9VzvJYodezU4,DISTANCE_3,Frontend Developer | React | Node.js | MongoDB | Full Stack Developer | TypeScript,Barcelona,Gastón Artaza
66c47ccbf15396d59765961c,ACoAADKh6o8BwX1_LOKB2O8CoN2iJAh75E_QQgI,DISTANCE_3,"Web Developer - Javascript (ES6), MongoDB, Express, React, NodeJS, HTML y CSS",Greater Madrid Metropolitan Area,Shirley Gianina
66c47ccbf15396d59765961d,ACoAABG90VgBHUNTJfIK2w-ZcnPNV6lSaQ4rufs,DISTANCE_3,Java Developer,San Sebastián de los Reyes,Davinia María G.
66c47ccbf15396d59765961e,ACoAAArsn5sBKKC9bigBN7PyABTZ786i05ONVGQ,DISTANCE_3,Senior Software Engineer,Madrid,Alfredo Milano
66c47ccbf15396d59765961f,ACoAACuQTIIBcaoOWpqQoIW7QfXGkZZ6rAlaC0o,DISTANCE_3,"Full Stack Developer || HTML , SCSS, JavaScript , ReactJS, Angular , NodeJS , PHP , MongoDB",Greater Madrid Metropolitan Area,Rubén Fernández Alonso de Linaje
66c47ccbf15396d597659620,ACoAABWJM3QB5Hna6I80KXHpYy7HugBlh7Dbzis,DISTANCE_3,Blockchain Engineer,Greater Madrid Metropolitan Area,Darío Valarezo Castañeda
66c47ccbf15396d597659621,ACoAAAA2gSkBf6Hdyw8KjpnLu3xQjp5BGY05Ki4,DISTANCE_3,Tech Lead at Sentisis & Backend Instructor at Keepcoding (JS/Node.js/MongoDB) javiermiguel.com,Madrid,Javier Miguel
66c47ccbf15396d597659622,ACoAAAtDJsgBOOFzs5lxkSg7C8Dm6HPgWf8sZmQ,DISTANCE_3,SDET,Greater Madrid Metropolitan Area,Diego Izquierdo Fernández
66c47ccbf15396d597659623,ACoAABDzY5ABxWko1wpCy66lJyqXL3SBaGWhDjM,DISTANCE_3,Data Practice Manager,Greater Madrid Metropolitan Area,Antonio Gutiérrez Molinuevo
66c47ccbf15396d597659624,ACoAACP3eEgB0O4frAR6eJlU3_XquUf-qFqEcLI,DISTANCE_3,Data Analyst 📊 | Data science 💡 | Python 🐍 | Gestión de datos 💻 | Powerbi 📈 | Tableau 📉 | Pandas 🐼 | SQL 📚,Madrid,Miguel Mendoza Espinoza
66c47ccbf15396d597659625,ACoAABOlKZ8B0IENj9gLQc_jVOdkzshIYtjuA7k,DISTANCE_3,"Full Stack Web Developer || JavaScript, NodeJs, VueJs, Vuetify, Nuxt.js, MySQL, MongoDB",Greater Madrid Metropolitan Area,Adrián Díez
66c47ccbf15396d597659626,ACoAABlOTkoBM-10CsrYNa0DWClBJ_kWcvq9fN0,DISTANCE_3,Senior Frontend Developer,Madrid,Francisco Jiménez García
66c47ccbf15396d597659627,ACoAAAC9ctUB9bMt-m5uD69PIOCLTnwVRFvfnp4,DISTANCE_3,Sales and Success Revenue Leader,Madrid,Nancy L.
66c47ccbf15396d597659628,ACoAAAt0kycBREdAOWQmqKVOZwWarXy9IbqQKAI,DISTANCE_3,Data Engineer en Futura VIVE: Python | C# | R | NLP | Pandas | ETL | MySQL | MongoDB | Tableau | Github | Docker | OpenCV | Pytorch | Prompt engineering | Langchain,Madrid,Rubén Francisco Burgos
66c47ccbf15396d597659629,ACoAAC0IpH0BRb4fMJic2WOxKMp2vIKXxoZ4I-I,DISTANCE_3,Software Developer,Collado-Villalba,Francisco González Gutiérrez
66c47ccbf15396d59765962a,ACoAADfGAQoBA9ra9XDuJj6APRKa-vohJ8MCHyk,DISTANCE_3,"Junior Frontend Developer - Svelte, React, Javascript(ES6), HTML, CSS, Node.js, MongoDB & Express.",Madrid,David Martinez Perez
66c47ccbf15396d59765962b,ACoAAAnl9p4BOt9_zIiLhGUY0cb43RtwfQ6aF7A,DISTANCE_3,"Web Developer | JavaScript, TypeScript, React, MongoDB, Express, Node.js, HTML & CSS, Styled Components, Jest...",Godella,Madhur Mata Garcia
66c47ccbf15396d59765962c,ACoAAAg0EE8B1JuEEQrACIJUIMbdjpMfBK--gBE,DISTANCE_3,Full Stack Developer,Greater Madrid Metropolitan Area,Roberto Camejo
66c47ccbf15396d59765962d,ACoAAD3qHdoB-m4ICe5FkH6Wi_eiamq1yxuUK_w,DISTANCE_3,Data Scientist | Data Analyst | Python | R | SQL | MongoDB | PowerBI | Machine Learning | Deep Learning,Greater Bilbao Metropolitan Area,Sergio Salvador
66c47ccbf15396d59765962e,ACoAABwCc-gBeSkIWVoYHVA-raKZWZY7Gvvu8TE,DISTANCE_3,Junior Full Stack Developer | JavaScript (JS) - HTML5 - CSS3 - React - Redux - Ionic(react) - Angular - Node.js - Express - MongoDB - JWT - MySQL - Java - C# - Git - Jira,Madrid,Carlos José Terrero Mendez
66c47ccbf15396d59765962f,ACoAAArUF1IB0T4qL7f22P3SJwSNZHe9771gRWE,DISTANCE_3,SRE / Senior DevOps Engineer,Greater Madrid Metropolitan Area,Miguel Angel Arquero Ramos
66c47ccbf15396d597659630,ACoAAATh6HgBHNw78ANc6poEB_sqn4pB5Cupndg,DISTANCE_3,"Front-End Developer — React.js, Angular, Next.js, Vite, TypeScript, JavaScript, HTML5, CSS3, Sass, Tailwind, Node.js, MongoDB, Firebase",Madrid,Pablo García
66c47ccbf15396d597659631,ACoAACQ_7McBb1o226f6Ej12eS4c2IeXoZJLcBQ,DISTANCE_3,"Full Stack Developer - MERN, Javascript ES6, MongoDB, Express, React, Node, HTML, CSS, SASS",Madrid,Marisa Vitale
66c47ccbf15396d597659632,ACoAAEE505ABaTBH6W0-1RRuB7CG7z-UmUrcrUw,DISTANCE_3,Full Stack Developer - DAW | JavaScript | ReactJS | NodeJS | HTML5 | CSS | Express | NextJS | Git | Styled Component | Vite | MongoDB | MySQL | Python,Madrid,Samuel Martinez Gonzalez
66c47ccbf15396d597659633,ACoAABrP_wkB9vFdoXJbtZbah6KslMZ_wTxhgyo,DISTANCE_3,"Full Stack Frontend, Backend React-Spring Boot developer 👨‍💻 | Java, javascript, HTML, CSS, MySQL, PostgreSQL, MongoDB 💻",Madrid,Alberto C.
66c47ccbf15396d597659634,ACoAACPQK2kBSDWtevQPd-Y6m4GTbuHNf24O5Gw,DISTANCE_3,Desarrollador Frontend,Parla,Rubén Vilches Pérez
66c47ccbf15396d597659635,ACoAACq5LHwBeQ76NIbhJK6RuU5MBwMfuBthC0o,DISTANCE_3,Full Stack Developer,Greater Madrid Metropolitan Area,Sasan Abbasi Hernández
66c47ccbf15396d597659636,ACoAAAUKFxQB11WYEoZOzDxYdN86TJiF29e87mw,DISTANCE_3,Big Data Architect and Project Manager,Greater Madrid Metropolitan Area,Alberto Latorre Gómez
66c47ccbf15396d597659637,ACoAAAMHs7UBk3WMQfrmhESoTtjAeAaMfDecCp0,DISTANCE_3,Systems Engineer / Data Protection Officer & Chief Information Security Officer,Greater Madrid Metropolitan Area,Guillermo Cediel Blanco
66c47ccbf15396d597659638,ACoAABQxO2kBX6iQG41J4-JZK-4FD0XVAniiU1E,DISTANCE_3,Customer Success Manager at MongoDB,Greater Barcelona Metropolitan Area,Nayla Lattouf Srouji
66c47ccbf15396d597659639,ACoAAAg9saoB-75IAUnMdupCorO417y2OptltT4,DISTANCE_3,Software Engineer,Madrid,Diego Álvarez
66c47ccbf15396d59765963a,ACoAAATvU7MBsyo1wEKvXyZNfqj3KGPGmamB5Jc,DISTANCE_3,Senior Data Engineer,Greater Madrid Metropolitan Area,Alberto R.
66c47ccbf15396d59765963b,ACoAABQHdScBNI8MLgkGlWdIjlgTvlHx2T46k7Q,DISTANCE_3,Frontend Developer - Javascript (ES6) | React | Vue | Express & NodeJS | MongoDB | MySQL | HTML & CSS,Barcelona,Alba Cardona Jiménez
66c47ccbf15396d59765963c,ACoAABosdgwBBF2XnT8AS0V4P09ozUehhmcK39k,DISTANCE_3,Data Scientist,Madrid,Àngels Fuertes Seguí
66c47ccbf15396d59765963d,ACoAAC5nYEUB5pK2Ui2tVsVICgHzZ0X4bcpfBqg,DISTANCE_3,Python | PySpark | Pandas | Numpy| MongoDB | AWS | Airflow | SQL,Aranjuez,Patricia Carrasco Sierra
66c47ccbf15396d59765963e,ACoAADupdn8BIT0XvpACzNvvMPYpGBAmcrhWwCM,DISTANCE_3,"Full Stack Web App Developer || Javascript(ES7), MongoDB, Express, React, NodeJS, HTML & CSS",Madrid,Gonzalo García Corrales
66c47ccbf15396d59765963f,ACoAAAeyxQsBw5bMtHQd3QNsBL6Wb7zLCA-tPzE,DISTANCE_3,Senior Software Developer,Madrid,Saúl de León Guerrero
66c47ccbf15396d597659640,ACoAADezcGYBuvLxvPHjPIlJSF5_bncc1gk0D6I,DISTANCE_3,Fullstack Developer | JavaScript | PHP | Java | Angular | React | Node.js | Express | Spring Boot | Laravel | MySQL | MongoDB,L'Hospitalet de Llobregat,Sohaib Zahid
66c47ccbf15396d597659641,ACoAAAJHso8BQQrHIN0wi-XziKwV89cWUDuoymQ,DISTANCE_3,Freelance Fullstack | NodeJS | VueJS | React | MongoDB | Javascript | Solidity | JAVA | PHP,Greater Barcelona Metropolitan Area,Jose Juan Sanz
66c47ccbf15396d597659642,ACoAACvxGmkBmVz0GEt13mVxTuEY_61uK5aBJvU,DISTANCE_3,Backend Developer | JavaScript | Node.js,Madrid,Enrique Montaño Ocaña
66c47ccbf15396d597659643,ACoAADvvezgB4mWAFVyj61Uok3vhPgSzrhqV5a4,DISTANCE_3,Python | MySQL |Spark| ETL | MongoDB |AWS| Scikit-Learn |Snowflake|,Greater Barcelona Metropolitan Area,Cristian Valencia
66c47ccbf15396d597659644,ACoAAB7-WkIBW2hZX8Op7jaRLRuQXIpO_9OtLT8,DISTANCE_3,Data Engineer,Madrid,Mario Puente
66c47ccbf15396d597659645,ACoAADuzBzsB15KD9100do9iHYmun0sV095xNL0,DISTANCE_3,Full Stack Developer| #React | #MERN | #TypeScript | #JavaScript | #NodeJS | #MongoDB | #PostgreSQL | #Python,Fuenlabrada,Antonio Sánchez
66c47ccbf15396d597659646,ACoAACqtpAsBrjmXFmdw51WS_0zgdAOjfhU3gJs,DISTANCE_3,Junior Full Stack Developer | HTML5 | CSS3 | JavaScript | React | MySQL | MongoDB | Python | PHP | Laravel |,Málaga,Alba María Rus Martínez
66c47ccbf15396d597659647,ACoAADHnUBkB9xAgj3cw0fJtJkn_rUDaXQ-yikg,DISTANCE_3,Founder & Software Engineer,Madrid,Javier Pontón González
66c47ccbf15396d597659648,ACoAAA7bKr4BPULzlUSNZGVwKXwedxUU0w9I5NU,DISTANCE_3,Head of cybersecurity | BD-AI / R&D,Madrid,Miguel C.
66c47ccbf15396d597659649,ACoAAElxroQBRm2FjRYcUYNBy-bdtWitT9k0AzU,DISTANCE_3,"Full Stack Web Developer, HTML, CSS, JavaScript, MongoDB, Node.js, React.js, Java, TypeScript.",Spain,David Antequera Delgado
66c47ccbf15396d59765964a,ACoAADj2bHYBjyU7wn6uYc-3dJcqD8IGGldl2lk,DISTANCE_3,FullStack Web Developer |Frontend | Backend | JavaScript | React | NodeJS | MongoDB |MEARN| Angular | PHP | Laravel |Wordpress | Magento|Prestashop,Barcelona,Estiben Saul Ramirez
66c47ccbf15396d59765964b,ACoAABkxvmABoCsZS1KpQK4T6OAN3FQBqdvsFPE,DISTANCE_3,Backend Developer | Python | Django | JavaScript | MySQL | MongoDB | Linux | AWS | Docker,Inca,Marc Castro
66c47ccbf15396d59765964c,ACoAABqt21IBmhm7XRqwhnDHfTM3PIZfhd8oZ9A,DISTANCE_3,Full Stack Developer | JavaScript | Python | Node.js | React.js | MongoDB | Express.js | Appian | SQL | Tailwindcss #frontendDeveloper #backendDeveloper #keepcoder,Madrid,Cesar Augusto Pinto
66c47ccbf15396d59765964d,ACoAADDHK30B_LAbCAHA-NjPPEPg5EWJLZowKu4,DISTANCE_3,DATA SCIENCE Python|R|mySQL|MongoDB|Machine Learning|Deep Learning|AWS|PowerBI,Madrid,Rocio Cuesta Pedraz
66c47ccbf15396d59765964e,ACoAAAdHhEkB9zX2ALJyFktIhawNMZY5dyEF4Zg,DISTANCE_3,Frontend Developer at Knn Digital Media,Greater Madrid Metropolitan Area,Risto Tapani Räihälä
66c47ccbf15396d59765964f,ACoAACFb8_gBRjn4dSnfn2Hd4NBGf7e7qM2-3MM,DISTANCE_3,"Full Stack Developer | React, Next, Javascript (ES6), Jest, NodeJS, MongoDB, Express, HTML, Tailwind, Bootstrap & CSS",Madrid,Juan Gregorio Rodriguez Eizaguirre
66c47ccbf15396d597659650,ACoAADgWbzEBayUV8XMWJrAPGnNU2e-Swec8mvk,DISTANCE_3,"Full Stack Developer | Angular, Ionic, Node.js, MongoDB | Sass, Tailwind",Madrid,Jose Antonio Martínez Fraile
66c47ccbf15396d597659651,ACoAAD8TdqcB6gBu-CeCpagL3Lw2p8RkrmW8f-E,DISTANCE_3,Full Stack web developer 💻💻 HTML5 || CSS3 || JavaScript || TypeScript || React.js || Next.js || Node.js || Express.js || MongoDB || SQL || Docker || GIT,Madrid,Cristian Alonso Ramos
66c47ccbf15396d597659652,ACoAABrrjKUBJ8xYPKt6ffiDou2_VsEBzBj9p80,DISTANCE_3,Data Scientist | Data Ops | Machine Learning,Madrid,Jean-Charles Yamada
66c47ccbf15396d597659653,ACoAABGCCaIBPi9wfZuUV7eQG7V70-7SJxysyCM,DISTANCE_3,Senior Full Stack Developer,Greater Madrid Metropolitan Area,Damian Rinconada Rodriguez
66c47ccbf15396d597659654,ACoAACJxRmoBDTS4CZrb6Oj8jSaFGrZeGrl_vGI,DISTANCE_3,Full Stack Developer,Madrid,Enrique Pérez Medina
66c47ccbf15396d597659655,ACoAAC6Q_RcBUC5p5cDcSbirxI5fVTYMkgB6Cv4,DISTANCE_3,Software Engineer @ Fever,Madrid,José Manuel de los Reyes García
66c47ccbf15396d597659656,ACoAAAFbcJ8BR02kuBsuWp9Z43bx8JZUL5EuLJk,DISTANCE_3,CTO / Team Lead / Senior Software Engineer / Technical Advisor,Madrid,Marcelo Glezer
66c47ccbf15396d597659657,ACoAADQeEs4Bdo5_5tUsK1GBOB1GwZUrYi0-Eds,DISTANCE_3,"𝐁𝐚𝐜𝐤𝐞𝐧𝐝 𝐃𝐞𝐯𝐞𝐥𝐨𝐩𝐞𝐫 || Javascript (ES6) y Typescript, Node, PosgreSQL, MySQL, ORMs (Prisma, TypeOrm), Nestjs (Express), Nextjs (React), Jenkins, Jira, Docker, Google Cloud, AWS",Madrid,Diego Cerratos Bravo
66c47ccbf15396d597659658,ACoAAApyFlkBreK9ovL8rOn3y8TIE-CIw4YxT4M,DISTANCE_3,"Tech Lead and software engineer with NodeJS, TypeScript, PHP, ReactJS, Angular, MongoDB, PostgreSQL, MySql, HTML and CSS skills.",Greater Madrid Metropolitan Area,Lucía Cazorla Vicente
66c47ccbf15396d597659659,ACoAADAZwc4BJuFU9X9NuV1sjOV9-Ut77UzmgWY,DISTANCE_3,Data Engineer,Madrid,Clara Cermeño Silveira
66c47ccbf15396d59765965a,ACoAADR3ssIBKyk8oZ3SSrVMJSVJnG3nVSxxx_E,DISTANCE_3,Full Stack Web Developer | HTML | CSS | Javascript | REACT | REDUX | Jest | SASS | BEM | Git | GitHub | NodeJS | ExpressJS | MongoDB || BIM Modeler | Revit ARQ | Revit MEP | Revit STR | Navisworks | Cype | Lumion,Getafe,Miguel Angel Sanchez Goyes
66c47ccbf15396d59765965b,ACoAAAPF4j4BtTv4q6RzIBjGM66s0c1uhLlcH4Q,DISTANCE_3,CTO,Greater Madrid Metropolitan Area,Miguel Izquierdo Horche
66c47ccbf15396d59765965c,ACoAACAI_rkBmQfsPw5emr9JCiXzIJHGwIIZGPk,DISTANCE_3,Senior Software Engineer,Greater Madrid Metropolitan Area,Álvaro Esteban Suárez Lozano
66c47ccbf15396d59765965d,ACoAACSlUJ0BireO7BWv_ECQZudDjsJPu9HCPMs,DISTANCE_3,Developer | Webflow | Shopify | Javascript (ES6) | MongoDB | Express | React | NodeJS | HTML & CSS | No code | Low code,Madrid,Sergio Puente Castro
66c47ccbf15396d59765965e,ACoAAAT-kTgBM5sZK7rJncEdJBoCgf_EG6E1Tmg,DISTANCE_3,Software developer,Greater Madrid Metropolitan Area,Francisco Moreno Cantero
66c47ccbf15396d59765965f,ACoAACYK0zoBeDOCsz1hfK7ceXywGJ2TZhPBZcA,DISTANCE_3,Head of AI & Big data,Madrid,Cristóbal Garrido Valero
66c47ccbf15396d597659660,ACoAACSNtlQB621ugzKYylhoL-ZRA6AfvWYWqEs,DISTANCE_3,Software Engineer en Capgemini,Madrid,Alejandro Abel Rodrigues Da Silva
66c47ccbf15396d597659661,ACoAACJUFy0B1j7Tqk5b0wHqLZNoOu7DjyDP8zg,DISTANCE_3,Software Engineer | Cloud Developer | Tech Manager | Backend Specialist | AWS | JavaScript | TypeScript | Crypto,Madrid,Rodolfo Martins
66c47ccbf15396d597659662,ACoAAB9IK28B_JZkEIGC2Fsl8mztkSl0YQZGsuQ,DISTANCE_3,Data Analyst,Madrid,Susana Martin Wanton
66c47ccbf15396d597659663,ACoAACRxLQ8BeKK8R7EUydmI_-3ItDs3WHpRNFg,DISTANCE_3,Software Developer,Greater Madrid Metropolitan Area,Silvana R.
66c47ccbf15396d597659664,ACoAABAWNYMBR6_ljz0s1vLw5RX_gVRwTaNdhcw,DISTANCE_3,Senior Software Engineer,Greater Madrid Metropolitan Area,Samuel Martin Gomez-Calcerrada
66c47ccbf15396d597659665,ACoAAA9ShCIBMM0Hd2SaA3ppzrL0rJkAnHDRU5A,DISTANCE_3,Full Stack Developer - HTML & CSS3 | Javascript | Typescript | Ionic | Angular | Node | REACT,Madrid,Cynthia Elizabeth Gorosito
66c47ccbf15396d597659666,ACoAACe3sPwB50htD-8cjdAmU7zRV9ObNGhNKhU,DISTANCE_3,Data Engineer,Madrid,Olivia Miszczynska Giza
66c47ccbf15396d597659667,ACoAADQSAxMB12V-kzGg9-LPa3Q3SXiXfKHGhY0,DISTANCE_3,Software Engineer,Madrid,Manuel León Briz
66c47ccbf15396d597659668,ACoAACXS1VIBca1ubTXBy4ZmZJDxSmMX-bt_fWw,DISTANCE_3,FullStack Developer React | Angular | Node | MongoDB | SQL Server,Greater Málaga Metropolitan Area,Juan Manuel Rojas Cardenas
66c47ccbf15396d597659669,ACoAAAkXHLEBpgNdPFPmn3Ql4APs4BZMvV-x0yc,DISTANCE_3,Senior Software Engineer,Madrid,Eugenio Pérez Martínez
66c47ccbf15396d59765966a,ACoAAA-ZZrwBxSPEhzorL_nntJaNPWSBfTimEPQ,DISTANCE_3,CEO & Founder,Barcelona,Mike Navarro
66c47ccbf15396d59765966b,ACoAACj9UTcB4G2NgAEI6tMcYV-qwHhD3wZczSQ,DISTANCE_3,Data Engineer,Greater Madrid Metropolitan Area,Verónica Morante
66c47ccbf15396d59765966c,ACoAAAjaIH0BzdezCkpvaLuD86cjBTdw6tf_4O4,DISTANCE_3,Expert architect,Madrid,Alejandro Garrido
66c47ccbf15396d59765966d,ACoAAB-_hCgBFfrkAev5StgIEW2wBzh-E4gtahM,DISTANCE_3,Data Engineer,Madrid,Ignacio Martínez Ortega
66c47ccbf15396d59765966e,ACoAAAAp5BYB28fra7w-Mk9kJz4oDs0TUKY7dNE,DISTANCE_3,"Front end developer (JavaScript, WebComponents, LitElement, Vue, Svelte, Angular, Node, MongoDB)",Greater Madrid Metropolitan Area,Alvaro Isorna Baez
66c47ccbf15396d59765966f,ACoAACKSgakBw5Ka4__9X0Dgv64_IMTsjz79IqQ,DISTANCE_3,< Fullstack developer | JavaScript | HTML 5 | CSS 3 | React | Node | MongoDB | PHP | Simfony | Angular | MySQL | Git />,Greater Granada Metropolitan Area,Zorahida Dominguez
66c47ccbf15396d597659670,ACoAAA225_YBasQ-0gpIAH0Y31G6sI3byuapw68,DISTANCE_3,DevOps Architect,Greater Madrid Metropolitan Area,Héctor Gutiérrez Fernández
66c47ccbf15396d597659671,ACoAAADD7HgBGZzGM_UGZq40SDB0kPzFZKf79vI,DISTANCE_3,Devops Engineer,Greater Madrid Metropolitan Area,Antonio Martínez Alfaya
66c47ccbf15396d597659672,ACoAACl9Zj0BgDz3Cb5hRux-Vake5fKHL9PNm7s,DISTANCE_3,Backend Developer,Greater Madrid Metropolitan Area,Fernando Covello
66c47ccbf15396d597659673,ACoAACViyScB8InTu3PJqd-Z43lyNrBUw5nFioA,DISTANCE_3,Data engineer,Madrid,Antonio de Antonio Martín
66c47ccbf15396d597659674,ACoAABhHFH4BoYPTu3r4KhJjI7NOvl3CwoRX1iQ,DISTANCE_3,Frontend Developer,Madrid,María Antomil Collar
66c47ccbf15396d597659675,ACoAADiSgAkBShJ3UrKUuFQtnP8Zws5luizvaCM,DISTANCE_3,Data Scientist at BBVA,Madrid,Luis Boatella Ojeda
66c47ccbf15396d597659676,ACoAAChGMIsBRuHJNZavm5D-s72dm7uMRM7H_B4,DISTANCE_3,Software Engineer at Amazon,Greater Madrid Metropolitan Area,Laura del Toro
66c47ccbf15396d597659677,ACoAABXSLOIBtuc8xY-8y0K8RRFi3rO_wdgT_h0,DISTANCE_3,Senior Data Engineer,Greater Madrid Metropolitan Area,Jaime Perez Lopez
66c47ccbf15396d597659678,ACoAACmtTMkB4IXOukCcH6W8Wv8TrLKwyH0-uG0,DISTANCE_3,Software Developer en Minsait,Madrid,Fidel Mangold
66c47ccbf15396d597659679,ACoAAB9h0gUB9LZBo4HXPNvhmtcqWEuhIWI3vnY,DISTANCE_3,CTO | Software Engineering | Startups,Greater Madrid Metropolitan Area,Aitor Álvarez Berazaluce
66c47ccbf15396d59765967a,ACoAACkRHcMBH5h3ZgBDcX-NksGIh-ms1-1APeM,DISTANCE_3,Backend Developer,Greater Madrid Metropolitan Area,Daniel Domínguez
66c47ccbf15396d59765967b,ACoAACqyop8BDZxbaP0we3QqDVUcjA3eGqAAEos,DISTANCE_3,Software Engineer,Madrid,Yannia Gastón González
66c47ccbf15396d59765967c,ACoAAAtrYpsBpxyX9lHw58GEn3aZEmwu5sH02Ek,DISTANCE_3,Data Scientist | Data Analyst | MBA,Madrid,Juanjo Cano
66c47ccbf15396d59765967d,ACoAAARAwLQB0-bLLVfFGjgvgETr2AqpU8tTNkE,DISTANCE_3,Data Engineer,Madrid,David López González
